group,trait,file,matcher,scope_and_constraints
1,metadata/binary/code/complexity::single-complex-function,metadata/binary/code/complexity/traits.yaml,"{""field"": ""functions.count"", ""max"": 1, ""min"": 1, ""type"": ""metrics""}","{""conf"": 0.7, ""crit"": ""baseline"", ""for"": [""pe"", ""elf"", ""macho""], ""platforms"": [""windows"", ""linux"", ""macos""], ""size_max"": 1048576, ""unless"": [{""field"": ""binary.avg_basic_blocks"", ""max"": 10, ""type"": ""metrics""}, {""field"": ""imports.count"", ""min"": 15, ""type"": ""metrics""}, {""id"": ""metadata/binary/symbols/count::many-imports""}, {""id"": ""metadata/binary/vendor::qcom-xbl-bootloader-marker""}, {""id"": ""metadata/binary/vendor::qcom-cdsp-device-tree-marker""}]}"
1,metadata/binary/layout/checksum::tiny-single-function-pe,metadata/binary/layout/checksum/pe_checksum.yaml,"{""field"": ""functions.count"", ""max"": 1, ""min"": 1, ""type"": ""metrics""}","{""conf"": 0.8, ""crit"": ""notable"", ""for"": [""pe""], ""platforms"": [""windows""], ""size_max"": 65536, ""unless"": [{""id"": ""metadata/binary/resource/identity::resource-only-dll-context""}]}"
1,objectives/anti-static/obfuscation/payload/section::one-function-large-pe,objectives/anti-static/obfuscation/payload/section/windows-two-section-loader.yaml,"{""field"": ""functions.count"", ""max"": 1, ""min"": 1, ""type"": ""metrics""}","{""conf"": 0.94, ""crit"": ""notable"", ""for"": [""pe""], ""platforms"": [""windows""], ""size_min"": 1048576}"
1,well-known/malware/worm/ludbaruma::metric-function-count-1,well-known/malware/worm/ludbaruma/packed-windows.yaml,"{""field"": ""functions.count"", ""max"": 1, ""min"": 1, ""type"": ""metrics""}","{""conf"": 0.99, ""crit"": ""notable"", ""for"": [""pe""], ""platforms"": [""windows""], ""size_max"": 120000, ""size_min"": 80000, ""unless"": [{""id"": ""metadata/binary/framework/""}, {""id"": ""metadata/binary/resource/""}]}"
1,well-known/malware/worm/mydoom::metric-function-count-1,well-known/malware/worm/mydoom/packed-windows.yaml,"{""field"": ""functions.count"", ""max"": 1, ""min"": 1, ""type"": ""metrics""}","{""conf"": 0.99, ""crit"": ""notable"", ""for"": [""pe""], ""platforms"": [""windows""], ""size_max"": 1048576, ""size_min"": 16384, ""unless"": [{""id"": ""metadata/binary/framework/""}, {""id"": ""metadata/binary/resource/""}]}"
2,metadata/binary/code/ratio::low-code-to-data-ratio,metadata/binary/code/ratio/macho.yaml,"{""field"": ""binary.code_to_data_ratio"", ""max"": 0.1, ""type"": ""metrics""}","{""conf"": 0.9, ""crit"": ""notable"", ""for"": [""macho""], ""platforms"": [""macos""], ""size_min"": 32768, ""unless"": [{""id"": ""metadata/signed/platform::apple""}, {""length_min"": 1048576, ""regex"": ""bss$"", ""type"": ""section""}, {""length_min"": 1048576, ""regex"": ""common$"", ""type"": ""section""}, {""entropy_max"": 6.2, ""regex"": ""__const$"", ""type"": ""section""}, {""id"": ""metadata/binary/framework/""}]}"
2,objectives/anti-static/obfuscation/payload/section::low-code-to-data-ratio-pe,objectives/anti-static/obfuscation/payload/section/pe-data-ratios.yaml,"{""field"": ""binary.code_to_data_ratio"", ""max"": 0.1, ""type"": ""metrics""}","{""conf"": 0.9, ""crit"": ""notable"", ""downgrade"": {""any"": [{""id"": ""metadata/binary/vendor/""}, {""id"": ""metadata/signed/platform/""}, {""regex"": ""Qt\\dCore\\.dll"", ""type"": ""raw""}]}, ""for"": [""pe""], ""platforms"": [""windows""], ""size_max"": 31457280, ""unless"": [{""field"": ""dependencies.count"", ""max"": 0, ""type"": ""metrics""}, {""field"": ""binary.data_entropy"", ""max"": 4.0, ""type"": ""metrics""}, {""exact"": "".rsrc"", ""length_min"": 131072, ""type"": ""section""}, {""field"": ""exports.count"", ""min"": 200, ""type"": ""metrics""}]}"
3,metadata/binary/section/header::two-section-pe,metadata/binary/section/header/pe-custom.yaml,"{""field"": ""sections.count"", ""max"": 2, ""min"": 2, ""type"": ""metrics""}","{""conf"": 0.84, ""crit"": ""baseline"", ""for"": [""pe"", ""dll""], ""platforms"": [""windows""]}"
3,objectives/anti-static/obfuscation/payload/section::two-section-pe,objectives/anti-static/obfuscation/payload/section/windows-two-section-loader.yaml,"{""field"": ""sections.count"", ""max"": 2, ""min"": 2, ""type"": ""metrics""}","{""conf"": 0.9, ""crit"": ""notable"", ""for"": [""pe""], ""platforms"": [""windows""], ""size_min"": 1048576}"
4,metadata/binary/section/prose::extreme-minimal-strings,metadata/binary/section/prose/surface.yaml,"{""field"": ""binary.string_count"", ""max"": 20, ""type"": ""metrics""}","{""conf"": 0.85, ""crit"": ""suspicious"", ""downgrade"": {""any"": [{""id"": ""metadata/signed/platform::apple""}]}, ""for"": [""macho""], ""platforms"": [""macos"", ""ios""], ""size_min"": 100000, ""unless"": [{""field"": ""functions.count"", ""min"": 100, ""type"": ""metrics""}, {""field"": ""exports.api_count"", ""min"": 4, ""type"": ""metrics""}]}"
4,objectives/anti-static/obfuscation/imports::very-low-strings,objectives/anti-static/obfuscation/imports/minimal-concealment.yaml,"{""field"": ""binary.string_count"", ""max"": 20, ""type"": ""metrics""}","{""conf"": 0.7, ""crit"": ""suspicious"", ""for"": [""pe"", ""elf"", ""macho""], ""not"": [{""regex"": ""\\.(tar\\.gz|tgz|zip)$""}], ""platforms"": [""linux"", ""macos"", ""windows""], ""size_min"": 49152, ""unless"": [{""id"": ""metadata/binary/section/ratio::pe-section-overflow-present""}, {""id"": ""well-known/lib/platform/wine::wine-builtin-dll-marker""}, {""id"": ""metadata/binary/symbols/count::many-imports-50""}, {""id"": ""metadata/binary/header/identity::elf-relocatable-object""}, {""id"": ""metadata/signed/platform/""}, {""id"": ""well-known/tool/development/toolchain/darling/""}, {""id"": ""metadata/binary/resource/firmware/""}, {""id"": ""metadata/binary/layout/size::small-macho-binary""}]}"
4,objectives/anti-static/obfuscation/string/encoding::minimal-strings,objectives/anti-static/obfuscation/string/encoding/string-concealment.yaml,"{""field"": ""binary.string_count"", ""max"": 20, ""type"": ""metrics""}","{""conf"": 0.7, ""crit"": ""suspicious"", ""downgrade"": {""any"": [{""id"": ""metadata/binary/section/label::upx-section""}]}, ""for"": [""binaries""], ""not"": [{""regex"": ""\\.(map|asar|tar\\.gz|tgz|zip)$""}], ""platforms"": [""windows"", ""unix""], ""size_min"": 51200, ""unless"": [{""id"": ""metadata/binary/section/ratio::pe-section-overflow-present""}, {""id"": ""well-known/lib/platform/wine::wine-builtin-dll-marker""}, {""id"": ""metadata/binary/section/ratio::pe-no-executable-sections""}, {""id"": ""metadata/signed/platform/""}, {""id"": ""well-known/tool/development/toolchain/darling/""}, {""id"": ""metadata/binary/resource/firmware/""}, {""id"": ""metadata/binary/header/identity::elf-relocatable-object""}]}"
5,metadata/binary/section/ratio::dominant-section,metadata/binary/section/ratio/traits.yaml,"{""field"": ""binary.largest_section_ratio"", ""min"": 0.95, ""type"": ""metrics""}","{""conf"": 0.6, ""crit"": ""notable"", ""for"": [""pe"", ""elf"", ""macho""], ""platforms"": [""windows"", ""linux"", ""macos""], ""unless"": [{""regex"": ""\\.(mun|rll)$"", ""type"": ""basename""}, {""id"": ""metadata/binary/framework::dotnet-metadata""}, {""id"": ""metadata/binary/resource/""}, {""field"": ""exports.count"", ""min"": 50, ""type"": ""metrics""}, {""id"": ""metadata/binary/section/ratio::section-exceeds-file-size""}]}"
5,objectives/anti-static/obfuscation/payload/section::dot-data-over-95pct-of-pe,objectives/anti-static/obfuscation/payload/section/data-section.yaml,"{""field"": ""binary.largest_section_ratio"", ""min"": 0.95, ""type"": ""metrics""}","{""conf"": 0.92, ""crit"": ""notable"", ""for"": [""pe""], ""platforms"": [""windows""], ""size_min"": 16777216}"
6,metadata/build/docker::buildkit-dockerfile-frontend,metadata/build/docker/buildkit.yaml,"{""substr"": ""\""comment\"":\""buildkit.dockerfile.v0\"""", ""type"": ""text""}","{""crit"": ""baseline"", ""for"": [""json""], ""platforms"": [""windows"", ""unix""], ""size_max"": 500000000, ""size_min"": 1}"
6,objectives/anti-static/obfuscation/code-metrics/structure::buildkit-dockerfile-v0,objectives/anti-static/obfuscation/code-metrics/structure/traits.yaml,"{""substr"": ""\""comment\"":\""buildkit.dockerfile.v0\"""", ""type"": ""text""}","{""conf"": 0.95, ""crit"": ""notable"", ""for"": [""scripts"", ""pe"", ""elf"", ""macho""], ""platforms"": [""unix"", ""windows""]}"
7,metadata/build/minifier::js-medium-minified-line,metadata/build/minifier/wrapper.yaml,"{""field"": ""text.max_line_length"", ""min"": 20000, ""type"": ""metrics""}","{""conf"": 0.9, ""crit"": ""baseline"", ""for"": [""javascript"", ""typescript""], ""platforms"": [""unix"", ""windows""], ""size_min"": 32768, ""unless"": [{""id"": ""metadata/package/documentation/page::static-html-shell""}, {""id"": ""micro-behaviors/data/encode/base64::large-standalone-base64-content""}, {""id"": ""metadata/file/data-blob::nul-dominated-content""}, {""id"": ""metadata/file/magic/identity::nifti-volume""}]}"
7,metadata/file/line::javascript-line-over-20000,metadata/file/line/source-shape.yaml,"{""field"": ""text.max_line_length"", ""min"": 20000, ""type"": ""metrics""}","{""conf"": 0.95, ""crit"": ""baseline"", ""for"": [""javascript"", ""typescript""], ""platforms"": [""windows"", ""unix""]}"
7,objectives/anti-static/obfuscation/string/reconstruct::max-line-length-20000,objectives/anti-static/obfuscation/string/reconstruct/jscript-even-index.yaml,"{""field"": ""text.max_line_length"", ""min"": 20000, ""type"": ""metrics""}","{""conf"": 0.9, ""crit"": ""notable"", ""for"": [""javascript""], ""platforms"": [""windows""], ""size_max"": 500000, ""size_min"": 8000, ""unless"": [{""id"": ""metadata/build/""}, {""id"": ""swashbuckle-swaggerui-dll-name""}, {""id"": ""micro-behaviors/data/encode/embedded::reversed-pe-base64-header""}]}"
8,metadata/file/size::single-import,metadata/file/size/php.yaml,"{""field"": ""imports.count"", ""max"": 1, ""type"": ""metrics""}","{""conf"": 0.8, ""crit"": ""baseline"", ""for"": [""php""], ""platforms"": [""windows"", ""unix""], ""size_max"": 128}"
8,objectives/command-and-control/dropper/execution/loader::pe-single-import,objectives/command-and-control/dropper/execution/loader/dotnet-loader.yaml,"{""field"": ""imports.count"", ""max"": 1, ""type"": ""metrics""}","{""conf"": 0.7, ""crit"": ""notable"", ""for"": [""pe"", ""dll""], ""platforms"": [""windows""], ""unless"": [{""id"": ""metadata/binary/resource/""}, {""id"": ""metadata/binary/framework::dotnet-metadata""}, {""id"": ""metadata/document/office/container/""}]}"
9,metadata/file/string/process-name::svchost-exe-reference,metadata/file/string/process-name/source.yaml,"{""type"": ""text"", ""word"": ""svchost.exe""}","{""conf"": 0.85, ""crit"": ""notable"", ""for"": [""javascript"", ""typescript""], ""platforms"": [""windows""]}"
9,objectives/evasion/masquerade/process/name::svchost-name,objectives/evasion/masquerade/process/name/windows-system.yaml,"{""type"": ""text"", ""word"": ""svchost.exe""}","{""conf"": 0.8, ""crit"": ""notable"", ""for"": [""pe"", ""rust""], ""platforms"": [""windows""]}"
9,objectives/evasion/security-bypass/edr::svchost-target-name,objectives/evasion/security-bypass/edr/python-stealth-executor.yaml,"{""type"": ""text"", ""word"": ""svchost.exe""}","{""conf"": 0.9, ""crit"": ""notable"", ""for"": [""python""], ""platforms"": [""linux""], ""size_max"": 300000}"
10,metadata/lang/encoded/unicode-escape::dotnet-object-marker,metadata/lang/encoded/unicode-escape/traits.yaml,"{""substr"": ""__dotNetObject"", ""type"": ""text""}","{""conf"": 0.98, ""crit"": ""notable"", ""for"": [""documents"", ""data"", ""csharp""], ""platforms"": [""unix"", ""windows""]}"
10,objectives/anti-static/obfuscation/string/reconstruct::blazor-dotnet-interop-marker,objectives/anti-static/obfuscation/string/reconstruct/jscript-even-index.yaml,"{""substr"": ""__dotNetObject"", ""type"": ""text""}","{""conf"": 0.9, ""crit"": ""notable"", ""for"": [""javascript""], ""platforms"": [""windows""], ""size_max"": 500000, ""size_min"": 8000}"
11,metadata/package/author/identity::pkginfo-no-author,metadata/package/author/identity/npm.yaml,"{""path"": ""metadata-version"", ""type"": ""value""}","{""conf"": 0.7, ""crit"": ""baseline"", ""for"": [""python"", ""pkginfo""], ""platforms"": [""linux"", ""macos"", ""windows""], ""unless"": [{""path"": ""author"", ""type"": ""value""}, {""path"": ""author-email"", ""type"": ""value""}, {""id"": ""metadata/package/testing/presence/fixture/""}]}"
11,metadata/package/author/identity::pkginfo-no-author-email,metadata/package/author/identity/npm.yaml,"{""path"": ""metadata-version"", ""type"": ""value""}","{""conf"": 0.7, ""crit"": ""baseline"", ""for"": [""python"", ""pkginfo"", ""pyproject.toml""], ""platforms"": [""linux"", ""macos"", ""windows""], ""unless"": [{""path"": ""author-email"", ""type"": ""value""}, {""path"": ""maintainer-email"", ""type"": ""value""}, {""id"": ""metadata/package/testing/presence/fixture/""}]}"
11,metadata/package/description/presence::pkginfo-missing-description,metadata/package/description/presence/pypi.yaml,"{""path"": ""metadata-version"", ""type"": ""value""}","{""conf"": 0.7, ""crit"": ""baseline"", ""for"": [""pkginfo"", ""pyproject.toml""], ""platforms"": [""unix"", ""windows""], ""unless"": [{""path"": ""description"", ""type"": ""value""}, {""path"": ""description-content-type"", ""type"": ""value""}, {""path"": ""summary"", ""type"": ""value""}, {""id"": ""metadata/package/testing/presence/fixture/""}]}"
11,metadata/package/files/archive-shape::pkginfo-tiny,metadata/package/files/archive-shape/wheel.yaml,"{""path"": ""metadata-version"", ""type"": ""value""}","{""conf"": 0.7, ""crit"": ""baseline"", ""for"": [""pkginfo""], ""platforms"": [""windows"", ""unix""], ""size_max"": 200, ""unless"": [{""id"": ""metadata/package/testing/presence/fixture/""}]}"
11,metadata/package/homepage::pkginfo-no-homepage,metadata/package/homepage/npm.yaml,"{""path"": ""metadata-version"", ""type"": ""value""}","{""conf"": 0.7, ""crit"": ""baseline"", ""for"": [""pkginfo"", ""pyproject.toml""], ""platforms"": [""linux"", ""macos"", ""windows""], ""unless"": [{""path"": ""home-page"", ""type"": ""value""}, {""substr"": ""Project-URL:"", ""type"": ""text""}]}"
11,objectives/supply-chain/impersonation/package/wheel-sdist::pkginfo-no-summary,objectives/supply-chain/impersonation/package/wheel-sdist/summary.yaml,"{""path"": ""metadata-version"", ""type"": ""value""}","{""conf"": 0.75, ""crit"": ""notable"", ""for"": [""pkginfo""], ""platforms"": [""unix"", ""windows""], ""unless"": [{""path"": ""summary"", ""type"": ""value""}]}"
12,metadata/package/files/system-package::melange-git-checkout-step,metadata/package/files/system-package/alpine-apk.yaml,"{""substr"": ""- uses: git-checkout"", ""type"": ""text""}","{""conf"": 0.9, ""crit"": ""notable"", ""for"": [""alpine_apk"", ""tar""], ""platforms"": [""linux""], ""size_max"": 65536}"
12,objectives/supply-chain/trojanized/build-pipeline::wolfi-git-checkout-step,objectives/supply-chain/trojanized/build-pipeline/wolfi-terragrunt-fork.yaml,"{""substr"": ""- uses: git-checkout"", ""type"": ""text""}","{""conf"": 0.82, ""crit"": ""notable"", ""for"": [""manifests""], ""platforms"": [""unix"", ""windows""], ""size_max"": 4096}"
13,micro-behaviors/communications/http/url/api-path::api-v1-result-path,micro-behaviors/communications/http/url/api-path/api-command.yaml,"{""substr"": ""/api/v1/result"", ""type"": ""text""}","{""conf"": 0.9, ""crit"": ""notable"", ""for"": [""python""], ""platforms"": [""unix"", ""windows""]}"
13,objectives/command-and-control/backdoor/tasking/poll::ruby-command-result-path,objectives/command-and-control/backdoor/tasking/poll/ruby-routeros.yaml,"{""substr"": ""/api/v1/result"", ""type"": ""text""}","{""conf"": 0.9, ""crit"": ""suspicious"", ""for"": [""ruby""], ""platforms"": [""routeros"", ""appliance"", ""unix""]}"
13,objectives/command-and-control/backdoor/tasking/poll::rust-api-result-path,objectives/command-and-control/backdoor/tasking/poll/rust-routeros.yaml,"{""substr"": ""/api/v1/result"", ""type"": ""text""}","{""conf"": 0.88, ""crit"": ""notable"", ""for"": [""rust"", ""elf""], ""platforms"": [""routeros"", ""appliance"", ""unix""]}"
14,micro-behaviors/communications/socket/framing::socket-class-reference,micro-behaviors/communications/socket/framing/android.yaml,"{""type"": ""text"", ""word"": ""Socket""}","{""crit"": ""component"", ""for"": [""java"", ""kotlin"", ""class"", ""dex""], ""platforms"": [""android"", ""unix"", ""windows""]}"
14,objectives/command-and-control/channel/tunnel/proxy::regeorg-socket-token,objectives/command-and-control/channel/tunnel/proxy/traits.yaml,"{""type"": ""text"", ""word"": ""Socket""}","{""conf"": 0.75, ""crit"": ""component"", ""for"": [""csharp"", ""html""], ""platforms"": [""linux"", ""macos"", ""windows""]}"
15,micro-behaviors/communications/socket/listen::java-socket-accept,micro-behaviors/communications/socket/listen/java.yaml,"{""regex"": ""\\.accept\\s*\\(\\s*\\)"", ""type"": ""text""}","{""conf"": 0.85, ""crit"": ""notable"", ""for"": [""java"", ""kotlin""], ""platforms"": [""unix"", ""windows""]}"
15,objectives/command-and-control/channel/tunnel/proxy::jsp-socket-accept-call,objectives/command-and-control/channel/tunnel/proxy/jsp.yaml,"{""regex"": ""\\.accept\\s*\\(\\s*\\)"", ""type"": ""text""}","{""conf"": 0.8, ""crit"": ""notable"", ""for"": [""jsp"", ""html""], ""platforms"": [""unix"", ""windows""]}"
16,micro-behaviors/crypto/kdf/password::rfc2898derivebytes,micro-behaviors/crypto/kdf/password/dotnet.yaml,"{""substr"": ""Rfc2898DeriveBytes"", ""type"": ""text""}","{""conf"": 0.95, ""crit"": ""notable"", ""for"": [""csharp""], ""platforms"": [""unix"", ""windows""], ""unless"": [{""regex"": ""^System\\.Security\\.Cryptography\\.Algorithms\\.dll$"", ""type"": ""basename""}, {""id"": ""metadata/file/extension/identity::netstandard-dll-basename""}]}"
16,objectives/command-and-control/dropper/builder::dotnet-rfc2898derivebytes-compiled,objectives/command-and-control/dropper/builder/dotnet-runpe.yaml,"{""substr"": ""Rfc2898DeriveBytes"", ""type"": ""text""}","{""conf"": 0.95, ""crit"": ""notable"", ""for"": [""pe"", ""dll""], ""platforms"": [""windows""]}"
16,objectives/command-and-control/dropper/execution/msi::msi-aes-reflective-loader,objectives/command-and-control/dropper/execution/msi/msi.yaml,"{""substr"": ""Rfc2898DeriveBytes"", ""type"": ""text""}","{""conf"": 0.97, ""crit"": ""suspicious"", ""for"": [""oledoc"", ""msi""], ""platforms"": [""windows""]}"
17,micro-behaviors/fs/memory/mmap::map-view-of-file,micro-behaviors/fs/memory/mmap/windows.yaml,"{""exact"": ""MapViewOfFile"", ""type"": ""symbol""}","{""conf"": 0.8, ""crit"": ""baseline"", ""for"": [""pe"", ""dll""], ""platforms"": [""windows""]}"
17,objectives/evasion/process/injection/hollowing::csharp-map-view-of-file,objectives/evasion/process/injection/hollowing/csharp.yaml,"{""exact"": ""MapViewOfFile"", ""type"": ""symbol""}","{""conf"": 0.84, ""crit"": ""notable"", ""for"": [""csharp""], ""platforms"": [""windows""]}"
18,micro-behaviors/fs/memory/mmap::zw-unmap-view-of-section,micro-behaviors/fs/memory/mmap/windows.yaml,"{""exact"": ""ZwUnmapViewOfSection"", ""type"": ""symbol""}","{""conf"": 0.95, ""crit"": ""component"", ""for"": [""pe"", ""dll""], ""platforms"": [""windows""]}"
18,objectives/evasion/process/injection/hollowing::csharp-zwunmap-reference,objectives/evasion/process/injection/hollowing/dotnet-regasm.yaml,"{""exact"": ""ZwUnmapViewOfSection"", ""type"": ""symbol""}","{""conf"": 0.9, ""crit"": ""suspicious"", ""for"": [""csharp""], ""platforms"": [""windows""]}"
19,micro-behaviors/fs/path/os/identity::hostnamectl-cmd,micro-behaviors/fs/path/os/identity/linux.yaml,"{""substr"": ""hostnamectl"", ""type"": ""text""}","{""conf"": 0.5, ""crit"": ""baseline"", ""for"": [""c"", ""elf"", ""shell"", ""perl""], ""platforms"": [""linux""]}"
19,objectives/command-and-control/infrastructure/ci-abuse::groovy-host-recon,objectives/command-and-control/infrastructure/ci-abuse/groovy.yaml,"{""substr"": ""hostnamectl"", ""type"": ""text""}","{""conf"": 0.78, ""crit"": ""suspicious"", ""for"": [""groovy""], ""platforms"": [""unix"", ""windows""]}"
20,micro-behaviors/fs/path/package-manager::package-json-path-reference,micro-behaviors/fs/path/package-manager/javascript.yaml,"{""substr"": ""package.json"", ""type"": ""text""}","{""conf"": 0.84, ""crit"": ""component"", ""for"": [""javascript"", ""typescript""], ""platforms"": [""unix"", ""windows""]}"
20,objectives/command-and-control/infrastructure/ci-abuse::groovy-package-json-rewrite,objectives/command-and-control/infrastructure/ci-abuse/groovy.yaml,"{""substr"": ""package.json"", ""type"": ""text""}","{""conf"": 0.86, ""crit"": ""component"", ""for"": [""groovy""], ""platforms"": [""unix"", ""windows""]}"
21,micro-behaviors/fs/path/public-key::ssh-authorized-keys,micro-behaviors/fs/path/public-key/ssh.yaml,"{""substr"": ""authorized_keys"", ""type"": ""text""}","{""conf"": 0.6, ""crit"": ""notable"", ""downgrade"": {""any"": [{""id"": ""micro-behaviors/communications/ssh/connect::openssh""}]}, ""for"": [""binaries"", ""scripts"", ""java"", ""class"", ""kotlin"", ""c"", ""cpp"", ""objc"", ""rust"", ""zig""], ""platforms"": [""unix"", ""windows""]}"
21,objectives/command-and-control/infrastructure/ci-abuse::groovy-authorized-keys,objectives/command-and-control/infrastructure/ci-abuse/groovy.yaml,"{""substr"": ""authorized_keys"", ""type"": ""text""}","{""conf"": 0.88, ""crit"": ""suspicious"", ""for"": [""groovy""], ""platforms"": [""unix"", ""windows""]}"
22,micro-behaviors/fs/write/stream::adodb-stream-progid,micro-behaviors/fs/write/stream/adodb.yaml,"{""substr"": ""ADODB.Stream"", ""type"": ""text""}","{""crit"": ""notable"", ""for"": [""scripts"", ""oledoc"", ""ooxml""], ""platforms"": [""windows""]}"
22,objectives/command-and-control/dropper/execution/wsh::wsh-adodb-stream-html,objectives/command-and-control/dropper/execution/wsh/downloader.yaml,"{""substr"": ""ADODB.Stream"", ""type"": ""text""}","{""conf"": 0.9, ""crit"": ""suspicious"", ""for"": [""html""], ""platforms"": [""windows""]}"
23,micro-behaviors/os/autorun/scheduled::new-scheduledtaskaction,micro-behaviors/os/autorun/scheduled/powershell.yaml,"{""case_insensitive"": true, ""substr"": ""New-ScheduledTaskAction"", ""type"": ""text""}","{""conf"": 0.9, ""crit"": ""notable"", ""for"": [""powershell""], ""platforms"": [""windows""]}"
23,objectives/command-and-control/dropper/execution/script::msi-scheduled-task-action,objectives/command-and-control/dropper/execution/script/msi-custom-action.yaml,"{""case_insensitive"": true, ""substr"": ""New-ScheduledTaskAction"", ""type"": ""text""}","{""conf"": 0.97, ""crit"": ""suspicious"", ""for"": [""oledoc""], ""platforms"": [""windows""]}"
24,micro-behaviors/os/linker/env::ld-preload,micro-behaviors/os/linker/env/traits.yaml,"{""substr"": ""LD_PRELOAD"", ""type"": ""text""}","{""conf"": 0.7, ""crit"": ""notable"", ""for"": [""elf"", ""so"", ""shell"", ""c"", ""cpp"", ""objc"", ""zig"", ""php""], ""platforms"": [""unix"", ""android""], ""unless"": [{""id"": ""metadata/lang/upstream::linux-kernel-secondary-tree-path""}, {""id"": ""micro-behaviors/os/syscall/invoke::linux-kernel-tree-path-scripts""}, {""id"": ""micro-behaviors/os/syscall/invoke::linux-kernel-tree-path-extra""}, {""id"": ""micro-behaviors/os/syscall/invoke::linux-kernel-tree-path-mmfs""}, {""id"": ""metadata/lang/upstream::linux-kernel-primary-tree-path""}, {""id"": ""metadata/binary/linking/runtime::glibc-runtime-markers""}, {""id"": ""metadata/binary/linking/static::elf-needed-libs-zero""}]}"
24,objectives/command-and-control/infrastructure/ci-abuse::groovy-ld-preload,objectives/command-and-control/infrastructure/ci-abuse/groovy.yaml,"{""substr"": ""LD_PRELOAD"", ""type"": ""text""}","{""conf"": 0.88, ""crit"": ""suspicious"", ""for"": [""groovy""], ""platforms"": [""unix"", ""windows""]}"
25,micro-behaviors/os/msdos/interrupt::ivt-int21-store-imm,micro-behaviors/os/msdos/interrupt/text_typed_body.yaml,"{""pattern"": ""C7 06 84 00 ?? ?? 8C ?? 86 00"", ""type"": ""hex""}","{""conf"": 0.9, ""crit"": ""notable"", ""for"": [""text""], ""platforms"": [""windows"", ""unix""], ""size_max"": 65536}"
25,objectives/impact/infect/binary/dos::dos-ivt-int21-set-direct,objectives/impact/infect/binary/dos/exec-open-hook.yaml,"{""pattern"": ""C7 06 84 00 ?? ?? 8C ?? 86 00"", ""type"": ""hex""}","{""conf"": 0.88, ""crit"": ""notable"", ""for"": [""dos_com"", ""static-lib"", ""data""], ""platforms"": [""windows"", ""unix""], ""size_max"": 65536}"
26,micro-behaviors/os/package-manager/install::composer-post-install-cmd-event,micro-behaviors/os/package-manager/install/composer.yaml,"{""substr"": ""post-install-cmd"", ""type"": ""text""}","{""conf"": 0.9, ""crit"": ""notable"", ""for"": [""php""], ""platforms"": [""unix"", ""windows""]}"
26,objectives/command-and-control/infrastructure/ci-abuse::groovy-composer-postinstall-write,objectives/command-and-control/infrastructure/ci-abuse/groovy.yaml,"{""substr"": ""post-install-cmd"", ""type"": ""text""}","{""conf"": 0.9, ""crit"": ""suspicious"", ""for"": [""groovy""], ""platforms"": [""unix"", ""windows""]}"
27,micro-behaviors/os/sysinfo/platform/kernel::ptrace-debugger,micro-behaviors/os/sysinfo/platform/kernel/aix.yaml,"{""substr"": ""TracerPid"", ""type"": ""text""}","{""conf"": 0.8, ""crit"": ""notable"", ""for"": [""elf"", ""c"", ""cpp"", ""powershell"", ""python""], ""platforms"": [""aix"", ""unix"", ""windows""], ""unless"": [{""id"": ""metadata/lang/upstream::linux-kernel-primary-tree-path""}, {""id"": ""well-known/lib/native/systemd::systemd-shared-library""}]}"
27,objectives/anti-analysis/debugger-detect/check::java-tracerpid-check,objectives/anti-analysis/debugger-detect/check/java.yaml,"{""substr"": ""TracerPid"", ""type"": ""text""}","{""conf"": 0.9, ""crit"": ""notable"", ""for"": [""java"", ""class""], ""platforms"": [""unix""]}"
27,objectives/anti-analysis/debugger-detect/check::tracerpid-string,objectives/anti-analysis/debugger-detect/check/traits.yaml,"{""substr"": ""TracerPid"", ""type"": ""text""}","{""conf"": 0.7, ""crit"": ""notable"", ""for"": [""javascript"", ""lua"", ""perl"", ""php"", ""ruby"", ""shell""], ""platforms"": [""linux""]}"
28,micro-behaviors/process/create/shell/bridge::shell-embedded-child-process-require,micro-behaviors/process/create/shell/bridge/node.yaml,"{""substr"": ""child_process"", ""type"": ""text""}","{""conf"": 0.95, ""crit"": ""notable"", ""for"": [""shell""], ""platforms"": [""unix"", ""windows""]}"
28,objectives/supply-chain/hidden-payload/runtime::bun-data-child-process-reference,objectives/supply-chain/hidden-payload/runtime/python-bun.yaml,"{""substr"": ""child_process"", ""type"": ""text""}","{""conf"": 0.9, ""crit"": ""notable"", ""for"": [""data""], ""platforms"": [""unix"", ""windows""]}"
29,micro-behaviors/process/create/spawn::update-proc-thread-attribute,micro-behaviors/process/create/spawn/traits.yaml,"{""exact"": ""UpdateProcThreadAttribute"", ""type"": ""symbol""}","{""conf"": 0.95, ""crit"": ""notable"", ""for"": [""pe"", ""dll""], ""platforms"": [""windows""]}"
29,objectives/evasion/process/injection/hollowing::csharp-update-proc-thread-attr,objectives/evasion/process/injection/hollowing/csharp.yaml,"{""exact"": ""UpdateProcThreadAttribute"", ""type"": ""symbol""}","{""conf"": 0.88, ""crit"": ""notable"", ""for"": [""csharp""], ""platforms"": [""windows""], ""unless"": [{""id"": ""well-known/tool/sysadmin/alpine-packages/package::alpine-ansible-core-package""}, {""id"": ""well-known/app/infrastructure/ansible::ansible-async-csharp-context""}, {""id"": ""well-known/app/infrastructure/ansible::ansible-module-utils-path""}, {""id"": ""well-known/app/infrastructure/ansible::ansible-lib-tree-path""}, {""id"": ""well-known/app/infrastructure/ansible::ansible-test-tree-path""}, {""id"": ""well-known/app/infrastructure/ansible::ansible-source-archive-context""}]}"
30,micro-behaviors/process/inject/runtime/call::write-memory-sym--ntwritevirtualmemory,micro-behaviors/process/inject/runtime/call/traits.yaml,"{""exact"": ""NtWriteVirtualMemory"", ""type"": ""symbol""}","{""crit"": ""notable"", ""for"": [""pe"", ""dll""], ""platforms"": [""windows""]}"
30,objectives/evasion/process/injection/hollowing::csharp-nt-write-memory,objectives/evasion/process/injection/hollowing/csharp.yaml,"{""exact"": ""NtWriteVirtualMemory"", ""type"": ""symbol""}","{""conf"": 0.9, ""crit"": ""suspicious"", ""for"": [""csharp""], ""platforms"": [""windows""]}"
31,objectives/anti-analysis/debugger-detect/check::ptrace-traceme-marker,objectives/anti-analysis/debugger-detect/check/linux-asm-eternity-source.yaml,"{""substr"": ""PTRACE_TRACEME"", ""type"": ""text""}","{""conf"": 0.95, ""crit"": ""notable"", ""for"": [""c""], ""platforms"": [""unix""], ""unless"": [{""id"": ""metadata/file/catalog/identity::linux-ptrace-system-header""}]}"
31,objectives/anti-analysis/debugger-detect/combined-checks::go-ptrace-traceme-constant,objectives/anti-analysis/debugger-detect/combined-checks/go-unix.yaml,"{""substr"": ""PTRACE_TRACEME"", ""type"": ""text""}","{""conf"": 0.9, ""crit"": ""notable"", ""for"": [""go""], ""platforms"": [""unix""], ""unless"": [{""id"": ""metadata/lang/generated::ccgo-libc-generated-banner""}]}"
32,objectives/anti-static/obfuscation/imports::extremely-low-strings,objectives/anti-static/obfuscation/imports/minimal-concealment.yaml,"{""field"": ""binary.string_count"", ""max"": 10, ""type"": ""metrics""}","{""conf"": 0.7, ""crit"": ""suspicious"", ""for"": [""pe"", ""elf"", ""macho""], ""not"": [{""regex"": ""\\.(tar\\.gz|tgz|zip)$""}], ""platforms"": [""linux"", ""macos"", ""windows""], ""size_min"": 49152, ""unless"": [{""id"": ""metadata/binary/section/ratio::pe-section-overflow-present""}, {""id"": ""well-known/lib/platform/wine::wine-builtin-dll-marker""}, {""id"": ""metadata/binary/symbols/count::many-imports-50""}, {""id"": ""metadata/binary/framework::electron-desktop-runtime""}, {""id"": ""metadata/binary/installer/script/""}, {""id"": ""metadata/binary/header/identity::elf-relocatable-object""}, {""id"": ""metadata/binary/layout/size::small-macho-binary""}]}"
32,objectives/anti-static/obfuscation/payload/encrypted::string-concealment,objectives/anti-static/obfuscation/payload/encrypted/traits.yaml,"{""field"": ""binary.string_count"", ""max"": 10, ""type"": ""metrics""}","{""conf"": 0.7, ""crit"": ""suspicious"", ""for"": [""binaries""], ""not"": [{""regex"": ""\\.(node|pak)$""}, {""regex"": ""\\.(dat|map)$""}, {""regex"": ""^(snapshot_blob|v8_context_snapshot)\\.bin$""}], ""platforms"": [""linux"", ""macos"", ""windows""], ""size_min"": 51200, ""unless"": [{""id"": ""metadata/binary/section/ratio::pe-section-overflow-present""}, {""id"": ""well-known/lib/platform/wine::wine-builtin-dll-marker""}, {""regex"": ""\\.(node|pak|map|asar)$"", ""type"": ""basename""}, {""regex"": ""(\\.deb|\\.gz|snapshot_blob\\.bin|v8_context_snapshot\\.bin)$"", ""type"": ""basename""}, {""id"": ""metadata/binary/layout/size::small-elf-binary""}, {""regex"": ""^[^/]+%[^/]+\\.so(\\.\\d+)*$"", ""type"": ""basename""}, {""regex"": ""!!embedded"", ""type"": ""path""}]}"
33,objectives/anti-static/obfuscation/imports::ror14-hash-loop-x64,objectives/anti-static/obfuscation/imports/api-hashing.yaml,"{""pattern"": ""41 C1 C8 0E 0F BE C0 44 03 C0"", ""section"": "".text"", ""type"": ""hex""}","{""arch"": [""x86-64""], ""conf"": 0.9, ""crit"": ""notable"", ""for"": [""pe"", ""dll""], ""platforms"": [""linux"", ""macos"", ""windows""], ""size_max"": 5242880}"
33,well-known/malware/rat/stxrat::ror14-inner-loop,well-known/malware/rat/stxrat/traits.yaml,"{""pattern"": ""41 C1 C8 0E 0F BE C0 44 03 C0"", ""section"": "".text"", ""type"": ""hex""}","{""arch"": [""x86-64""], ""conf"": 0.9, ""crit"": ""notable"", ""for"": [""pe"", ""dll""], ""platforms"": [""windows""], ""size_min"": 1000}"
34,objectives/anti-static/obfuscation/multi-layer::vbs-base64-fragment-helper-calls,objectives/anti-static/obfuscation/multi-layer/vbscript.yaml,"{""regex"": ""(?i)\\bCall\\s+[A-Za-z][A-Za-z0-9_]{7,}\\s*\\(\\s*[\""'][A-Za-z0-9+/]{24,}={0,2}[\""']"", ""type"": ""text""}","{""conf"": 0.96, ""count_min"": 8, ""crit"": ""suspicious"", ""for"": [""vbs""], ""platforms"": [""windows""]}"
34,objectives/anti-static/obfuscation/payload/fragmentation::pe-script-base64-fragment-calls,objectives/anti-static/obfuscation/payload/fragmentation/embedded-pe-script.yaml,"{""regex"": ""(?i)\\bCall\\s+[A-Za-z][A-Za-z0-9_]{7,}\\s*\\(\\s*[\""'][A-Za-z0-9+/]{24,}={0,2}[\""']"", ""type"": ""text""}","{""conf"": 0.96, ""count_min"": 8, ""crit"": ""notable"", ""for"": [""pe""], ""platforms"": [""windows""]}"
35,objectives/anti-static/obfuscation/payload/encoded::js-encoded-require,objectives/anti-static/obfuscation/payload/encoded/js-embedded-program.yaml,"{""regex"": ""require\\s*\\(\\s*\\w+\\s*\\(\\s*\\["", ""type"": ""text""}","{""conf"": 0.85, ""crit"": ""notable"", ""for"": [""javascript"", ""typescript""], ""platforms"": [""windows"", ""unix""], ""unless"": [{""id"": ""metadata/build/""}, {""id"": ""metadata/package/testing/""}]}"
35,objectives/supply-chain/install-hook/scripts/encoded-body::manifest-encoded-require,objectives/supply-chain/install-hook/scripts/encoded-body/npm.yaml,"{""regex"": ""require\\s*\\(\\s*\\w+\\s*\\(\\s*\\["", ""type"": ""text""}","{""conf"": 0.9, ""crit"": ""notable"", ""for"": [""package.json""], ""platforms"": [""unix"", ""windows""]}"
36,objectives/anti-static/obfuscation/payload/section::extreme-loader-code-to-data-imbalance,objectives/anti-static/obfuscation/payload/section/data-section.yaml,"{""field"": ""binary.code_to_data_ratio"", ""max"": 0.05, ""type"": ""metrics""}","{""conf"": 0.9, ""crit"": ""notable"", ""for"": [""pe""], ""platforms"": [""windows""], ""size_min"": 16777216}"
36,objectives/anti-static/obfuscation/payload/section::mips-code-data-imbalance,objectives/anti-static/obfuscation/payload/section/mips-payload.yaml,"{""field"": ""binary.code_to_data_ratio"", ""max"": 0.05, ""type"": ""metrics""}","{""arch"": [""mips""], ""conf"": 0.94, ""crit"": ""notable"", ""for"": [""elf""], ""platforms"": [""unix""], ""size_min"": 262144}"
37,objectives/command-and-control/backdoor/tasking/http::ruby-api-beacon-endpoint,objectives/command-and-control/backdoor/tasking/http/ruby-windows.yaml,"{""substr"": ""/api/beacon"", ""type"": ""text""}","{""conf"": 0.9, ""crit"": ""suspicious"", ""for"": [""ruby""], ""platforms"": [""windows""]}"
37,objectives/command-and-control/beacon/network/http::script-api-beacon-path,objectives/command-and-control/beacon/network/http/json-api-beacon.yaml,"{""substr"": ""/api/beacon"", ""type"": ""text""}","{""conf"": 0.93, ""crit"": ""suspicious"", ""for"": [""python""], ""platforms"": [""windows""]}"
38,objectives/command-and-control/backdoor/tasking/http::shell-api-commands-path,objectives/command-and-control/backdoor/tasking/http/shell-unix.yaml,"{""substr"": ""/api/v1/commands"", ""type"": ""text""}","{""conf"": 0.94, ""crit"": ""suspicious"", ""for"": [""shell""], ""platforms"": [""unix""]}"
38,objectives/command-and-control/backdoor/tasking/poll::swift-command-poll-api,objectives/command-and-control/backdoor/tasking/poll/swift-netscaler.yaml,"{""substr"": ""/api/v1/commands"", ""type"": ""text""}","{""conf"": 0.92, ""crit"": ""suspicious"", ""for"": [""swift""], ""platforms"": [""netscaler"", ""appliance"", ""unix""]}"
39,objectives/command-and-control/backdoor/webshell/file-manager::asp-upload-filesystem-object,objectives/command-and-control/backdoor/webshell/file-manager/asp-upload.yaml,"{""substr"": ""Scripting.FileSystemObject"", ""type"": ""text""}","{""conf"": 0.84, ""crit"": ""notable"", ""for"": [""asp""], ""platforms"": [""windows""]}"
39,objectives/command-and-control/dropper/execution/wsh::wsh-filesystemobject-html,objectives/command-and-control/dropper/execution/wsh/downloader.yaml,"{""substr"": ""Scripting.FileSystemObject"", ""type"": ""text""}","{""conf"": 0.85, ""crit"": ""suspicious"", ""for"": [""html""], ""platforms"": [""windows""], ""unless"": [{""id"": ""metadata/document/html/""}, {""substr"": ""docs.microsoft.com"", ""type"": ""text""}]}"
39,objectives/persistence/login/startup/folder::batch-vbs-filesystemobject-echo,objectives/persistence/login/startup/folder/windows.yaml,"{""substr"": ""Scripting.FileSystemObject"", ""type"": ""text""}","{""conf"": 0.9, ""crit"": ""notable"", ""for"": [""batch""], ""platforms"": [""windows""]}"
40,objectives/command-and-control/dropper/delivery/fetch-exec::arch-args-arm--rx-18,objectives/command-and-control/dropper/delivery/fetch-exec/shell.yaml,"{""type"": ""text"", ""word"": ""splarm""}","{""conf"": 0.95, ""count_min"": 2, ""crit"": ""notable"", ""for"": [""shell""], ""platforms"": [""unix""]}"
40,objectives/command-and-control/dropper/delivery/fetch-exec::spl-payload-names--rx-7,objectives/command-and-control/dropper/delivery/fetch-exec/shell.yaml,"{""type"": ""text"", ""word"": ""splarm""}","{""conf"": 0.98, ""count_min"": 6, ""crit"": ""notable"", ""for"": [""shell""], ""platforms"": [""unix""]}"
41,objectives/command-and-control/dropper/delivery/fetch-exec::arch-args-arm--rx-18--alt-2,objectives/command-and-control/dropper/delivery/fetch-exec/shell.yaml,"{""type"": ""text"", ""word"": ""splarm5""}","{""conf"": 0.95, ""count_min"": 2, ""crit"": ""notable"", ""for"": [""shell""], ""platforms"": [""unix""]}"
41,objectives/command-and-control/dropper/delivery/fetch-exec::spl-payload-names--rx-7--alt-2,objectives/command-and-control/dropper/delivery/fetch-exec/shell.yaml,"{""type"": ""text"", ""word"": ""splarm5""}","{""conf"": 0.98, ""count_min"": 6, ""crit"": ""notable"", ""for"": [""shell""], ""platforms"": [""unix""]}"
42,objectives/command-and-control/dropper/delivery/fetch-exec::arch-args-arm--rx-19,objectives/command-and-control/dropper/delivery/fetch-exec/shell.yaml,"{""type"": ""text"", ""word"": ""splarm6""}","{""conf"": 0.95, ""count_min"": 2, ""crit"": ""notable"", ""for"": [""shell""], ""platforms"": [""unix""]}"
42,objectives/command-and-control/dropper/delivery/fetch-exec::spl-payload-names--rx-8,objectives/command-and-control/dropper/delivery/fetch-exec/shell.yaml,"{""type"": ""text"", ""word"": ""splarm6""}","{""conf"": 0.98, ""count_min"": 6, ""crit"": ""notable"", ""for"": [""shell""], ""platforms"": [""unix""]}"
43,objectives/command-and-control/dropper/delivery/fetch-exec::arch-args-arm--rx-19--alt-2,objectives/command-and-control/dropper/delivery/fetch-exec/shell.yaml,"{""type"": ""text"", ""word"": ""splarm7""}","{""conf"": 0.95, ""count_min"": 2, ""crit"": ""notable"", ""for"": [""shell""], ""platforms"": [""unix""]}"
43,objectives/command-and-control/dropper/delivery/fetch-exec::spl-payload-names--rx-8--alt-2,objectives/command-and-control/dropper/delivery/fetch-exec/shell.yaml,"{""type"": ""text"", ""word"": ""splarm7""}","{""conf"": 0.98, ""count_min"": 6, ""crit"": ""notable"", ""for"": [""shell""], ""platforms"": [""unix""]}"
44,objectives/command-and-control/dropper/delivery/fetch-exec::arch-args-mips--rx-22,objectives/command-and-control/dropper/delivery/fetch-exec/shell.yaml,"{""type"": ""text"", ""word"": ""splm68k""}","{""conf"": 0.95, ""count_min"": 2, ""crit"": ""notable"", ""for"": [""shell""], ""platforms"": [""unix""]}"
44,objectives/command-and-control/dropper/delivery/fetch-exec::spl-payload-names--rx-9,objectives/command-and-control/dropper/delivery/fetch-exec/shell.yaml,"{""type"": ""text"", ""word"": ""splm68k""}","{""conf"": 0.98, ""count_min"": 6, ""crit"": ""notable"", ""for"": [""shell""], ""platforms"": [""unix""]}"
45,objectives/command-and-control/dropper/delivery/fetch-exec::arch-args-mips--rx-22--alt-2,objectives/command-and-control/dropper/delivery/fetch-exec/shell.yaml,"{""type"": ""text"", ""word"": ""splmips""}","{""conf"": 0.95, ""count_min"": 2, ""crit"": ""notable"", ""for"": [""shell""], ""platforms"": [""unix""]}"
45,objectives/command-and-control/dropper/delivery/fetch-exec::spl-payload-names--rx-9--alt-2,objectives/command-and-control/dropper/delivery/fetch-exec/shell.yaml,"{""type"": ""text"", ""word"": ""splmips""}","{""conf"": 0.98, ""count_min"": 6, ""crit"": ""notable"", ""for"": [""shell""], ""platforms"": [""unix""]}"
46,objectives/command-and-control/dropper/delivery/fetch-exec::arch-args-mips--rx-23,objectives/command-and-control/dropper/delivery/fetch-exec/shell.yaml,"{""type"": ""text"", ""word"": ""splmpsl""}","{""conf"": 0.95, ""count_min"": 2, ""crit"": ""notable"", ""for"": [""shell""], ""platforms"": [""unix""]}"
46,objectives/command-and-control/dropper/delivery/fetch-exec::spl-payload-names--rx-10,objectives/command-and-control/dropper/delivery/fetch-exec/shell.yaml,"{""type"": ""text"", ""word"": ""splmpsl""}","{""conf"": 0.98, ""count_min"": 6, ""crit"": ""notable"", ""for"": [""shell""], ""platforms"": [""unix""]}"
47,objectives/command-and-control/dropper/delivery/fetch-exec::arch-args-mips--rx-23--alt-2,objectives/command-and-control/dropper/delivery/fetch-exec/shell.yaml,"{""type"": ""text"", ""word"": ""splppc""}","{""conf"": 0.95, ""count_min"": 2, ""crit"": ""notable"", ""for"": [""shell""], ""platforms"": [""unix""]}"
47,objectives/command-and-control/dropper/delivery/fetch-exec::spl-payload-names--rx-10--alt-2,objectives/command-and-control/dropper/delivery/fetch-exec/shell.yaml,"{""type"": ""text"", ""word"": ""splppc""}","{""conf"": 0.98, ""count_min"": 6, ""crit"": ""notable"", ""for"": [""shell""], ""platforms"": [""unix""]}"
48,objectives/command-and-control/dropper/delivery/fetch-exec::arch-args-misc--rx-26,objectives/command-and-control/dropper/delivery/fetch-exec/shell.yaml,"{""type"": ""text"", ""word"": ""splsh4""}","{""conf"": 0.95, ""count_min"": 2, ""crit"": ""notable"", ""for"": [""shell""], ""platforms"": [""unix""]}"
48,objectives/command-and-control/dropper/delivery/fetch-exec::spl-payload-names--rx-11,objectives/command-and-control/dropper/delivery/fetch-exec/shell.yaml,"{""type"": ""text"", ""word"": ""splsh4""}","{""conf"": 0.98, ""count_min"": 6, ""crit"": ""notable"", ""for"": [""shell""], ""platforms"": [""unix""]}"
49,objectives/command-and-control/dropper/delivery/fetch-exec::arch-args-misc--rx-26--alt-2,objectives/command-and-control/dropper/delivery/fetch-exec/shell.yaml,"{""type"": ""text"", ""word"": ""splspc""}","{""conf"": 0.95, ""count_min"": 2, ""crit"": ""notable"", ""for"": [""shell""], ""platforms"": [""unix""]}"
49,objectives/command-and-control/dropper/delivery/fetch-exec::spl-payload-names--rx-11--alt-2,objectives/command-and-control/dropper/delivery/fetch-exec/shell.yaml,"{""type"": ""text"", ""word"": ""splspc""}","{""conf"": 0.98, ""count_min"": 6, ""crit"": ""notable"", ""for"": [""shell""], ""platforms"": [""unix""]}"
50,objectives/command-and-control/dropper/delivery/fetch-exec::writable-dir-fallback-chain,objectives/command-and-control/dropper/delivery/fetch-exec/shell.yaml,"{""substr"": ""cd /tmp || cd /var/run || cd /mnt || cd /root || cd /"", ""type"": ""text""}","{""conf"": 0.95, ""count_min"": 3, ""crit"": ""suspicious"", ""for"": [""shell""], ""platforms"": [""unix""]}"
50,objectives/command-and-control/dropper/delivery/fetch-exec::writable-dir-fallback-exact-chain,objectives/command-and-control/dropper/delivery/fetch-exec/shell.yaml,"{""substr"": ""cd /tmp || cd /var/run || cd /mnt || cd /root || cd /"", ""type"": ""text""}","{""conf"": 0.95, ""crit"": ""notable"", ""for"": [""shell""], ""platforms"": [""unix""]}"
51,objectives/command-and-control/dropper/execution/loader::dark-eye-upx0-zero-padding,objectives/command-and-control/dropper/execution/loader/windows-dark-eye-vb6.yaml,"{""entropy_max"": 0.05, ""exact"": ""UPX0"", ""executable"": true, ""length_max"": 1600000, ""length_min"": 1500000, ""type"": ""section"", ""writable"": true}","{""conf"": 0.96, ""crit"": ""notable"", ""for"": [""pe""], ""platforms"": [""windows""]}"
51,well-known/malware/botnet/sysbot::dark-eye-upx0-padding-section,well-known/malware/botnet/sysbot/traits.yaml,"{""entropy_max"": 0.05, ""exact"": ""UPX0"", ""executable"": true, ""length_max"": 1600000, ""length_min"": 1500000, ""type"": ""section"", ""writable"": true}","{""conf"": 0.97, ""crit"": ""notable"", ""for"": [""pe""], ""platforms"": [""windows""], ""size_max"": 2170000, ""size_min"": 1800000}"
52,objectives/command-and-control/dropper/execution/loader::dark-eye-upx1-zero-loader,objectives/command-and-control/dropper/execution/loader/windows-dark-eye-vb6.yaml,"{""entropy_max"": 0.05, ""exact"": ""UPX1"", ""executable"": true, ""length_max"": 320000, ""length_min"": 300000, ""type"": ""section"", ""writable"": true}","{""conf"": 0.96, ""crit"": ""notable"", ""for"": [""pe""], ""platforms"": [""windows""]}"
52,well-known/malware/botnet/sysbot::dark-eye-upx1-loader-section,well-known/malware/botnet/sysbot/traits.yaml,"{""entropy_max"": 0.05, ""exact"": ""UPX1"", ""executable"": true, ""length_max"": 320000, ""length_min"": 300000, ""type"": ""section"", ""writable"": true}","{""conf"": 0.97, ""crit"": ""notable"", ""for"": [""pe""], ""platforms"": [""windows""], ""size_max"": 2170000, ""size_min"": 1800000}"
53,objectives/command-and-control/dropper/execution/script::msi-scheduled-task-registration,objectives/command-and-control/dropper/execution/script/msi-custom-action.yaml,"{""case_insensitive"": true, ""substr"": ""Register-ScheduledTask"", ""type"": ""text""}","{""conf"": 0.97, ""crit"": ""suspicious"", ""for"": [""oledoc""], ""platforms"": [""windows""]}"
53,objectives/persistence/login/scheduled-task/cmdlet::software-protection-task-name--rx-9,objectives/persistence/login/scheduled-task/cmdlet/powershell.yaml,"{""case_insensitive"": true, ""substr"": ""Register-ScheduledTask"", ""type"": ""text""}","{""conf"": 0.9, ""crit"": ""notable"", ""for"": [""powershell"", ""batch"", ""go""], ""platforms"": [""windows""]}"
54,objectives/command-and-control/infrastructure/ci-abuse::groovy-launchagent-persistence,objectives/command-and-control/infrastructure/ci-abuse/groovy.yaml,"{""substr"": ""LaunchAgents"", ""type"": ""text""}","{""conf"": 0.88, ""crit"": ""suspicious"", ""for"": [""groovy""], ""platforms"": [""unix"", ""windows""]}"
54,objectives/persistence/system/launchd/location::launch-agents,objectives/persistence/system/launchd/location/macos.yaml,"{""substr"": ""LaunchAgents"", ""type"": ""text""}","{""conf"": 0.7, ""crit"": ""notable"", ""downgrade"": {""any"": [{""id"": ""metadata/signed/platform::apple""}]}, ""for"": [""plist"", ""shell"", ""applescript"", ""javascript"", ""macho""], ""platforms"": [""macos""], ""unless"": [{""id"": ""well-known/tool/detection/security-scanner-identity::apple-xprotectd-scanner-context""}, {""id"": ""well-known/tool/detection/cleave::cleave-static-analysis-context""}]}"
55,objectives/discovery/cloud/metadata::rust-alibaba-metadata-url,objectives/discovery/cloud/metadata/rust-unix.yaml,"{""substr"": ""100.100.100.200/latest/meta-data"", ""type"": ""text""}","{""conf"": 0.92, ""crit"": ""notable"", ""for"": [""rust"", ""elf""], ""platforms"": [""unix""], ""unless"": [{""id"": ""well-known/app/infrastructure/terraform::terraform-core-binary""}]}"
55,objectives/supply-chain/recon-exfil/install-hook::alibaba-metadata-url,objectives/supply-chain/recon-exfil/install-hook/cloud-metadata.yaml,"{""substr"": ""100.100.100.200/latest/meta-data"", ""type"": ""text""}","{""conf"": 0.95, ""crit"": ""notable"", ""for"": [""javascript"", ""package.json"", ""shell""], ""platforms"": [""unix"", ""windows""]}"
56,objectives/evasion/fileless/memory::shellcode-word-reference,objectives/evasion/fileless/memory/java-jna.yaml,"{""type"": ""text"", ""word"": ""shellcode""}","{""conf"": 0.9, ""crit"": ""notable"", ""for"": [""java"", ""class""], ""platforms"": [""windows"", ""unix""]}"
56,objectives/evasion/process/injection/shellcode::native-shellcode-word,objectives/evasion/process/injection/shellcode/self-injection.yaml,"{""type"": ""text"", ""word"": ""shellcode""}","{""conf"": 0.84, ""crit"": ""notable"", ""for"": [""pe"", ""dll""], ""platforms"": [""windows""]}"
56,objectives/execution/exploit/watering-hole::crafted-local-service-exploit-marker,objectives/execution/exploit/watering-hole/local-software.yaml,"{""type"": ""text"", ""word"": ""shellcode""}","{""conf"": 0.94, ""crit"": ""notable"", ""for"": [""html"", ""javascript"", ""typescript""], ""platforms"": [""unix"", ""windows""]}"
57,objectives/evasion/masquerade/process/name::lsass-name,objectives/evasion/masquerade/process/name/windows-system.yaml,"{""type"": ""text"", ""word"": ""lsass.exe""}","{""conf"": 0.82, ""crit"": ""notable"", ""for"": [""pe"", ""rust""], ""platforms"": [""windows""]}"
57,objectives/evasion/security-bypass/edr::lsass-target-name,objectives/evasion/security-bypass/edr/python-stealth-executor.yaml,"{""type"": ""text"", ""word"": ""lsass.exe""}","{""conf"": 0.9, ""crit"": ""notable"", ""for"": [""python""], ""platforms"": [""linux""], ""size_max"": 300000}"
58,objectives/evasion/process/injection/hollowing::csharp-parent-process-spoof,objectives/evasion/process/injection/hollowing/csharp.yaml,"{""substr"": ""PROC_THREAD_ATTRIBUTE_PARENT_PROCESS"", ""type"": ""text""}","{""conf"": 0.92, ""crit"": ""notable"", ""for"": [""csharp""], ""platforms"": [""windows""], ""unless"": [{""id"": ""well-known/tool/sysadmin/alpine-packages/package::alpine-ansible-core-package""}, {""id"": ""well-known/app/infrastructure/ansible::ansible-async-csharp-context""}, {""id"": ""well-known/app/infrastructure/ansible::ansible-module-utils-path""}, {""id"": ""well-known/app/infrastructure/ansible::ansible-lib-tree-path""}, {""id"": ""well-known/app/infrastructure/ansible::ansible-test-tree-path""}, {""id"": ""well-known/app/infrastructure/ansible::ansible-source-archive-context""}]}"
58,objectives/evasion/process/injection/hollowing::go-parent-process-attribute,objectives/evasion/process/injection/hollowing/go-parent-spoof.yaml,"{""substr"": ""PROC_THREAD_ATTRIBUTE_PARENT_PROCESS"", ""type"": ""text""}","{""conf"": 0.9, ""crit"": ""notable"", ""for"": [""go""], ""platforms"": [""windows""]}"
59,objectives/evasion/process/injection/hollowing::zw-unmap-section,objectives/evasion/process/injection/hollowing/windows.yaml,"{""substr"": ""ZwUnmapViewOfSection"", ""type"": ""text""}","{""conf"": 0.85, ""crit"": ""notable"", ""for"": [""pe"", ""dll""], ""platforms"": [""windows""]}"
59,objectives/evasion/process/injection/hollowing::zwunmap-source,objectives/evasion/process/injection/hollowing/source-code.yaml,"{""substr"": ""ZwUnmapViewOfSection"", ""type"": ""text""}","{""conf"": 0.95, ""crit"": ""notable"", ""for"": [""c"", ""cpp""], ""platforms"": [""windows""]}"
60,objectives/impact/destroy/file-deletion::unix-root-rm-no-preserve-binary-string,objectives/impact/destroy/file-deletion/traits.yaml,"{""regex"": ""\\brm\\s+-rf\\s+/\\s+--no-preserve-root\\b"", ""type"": ""text""}","{""conf"": 0.95, ""crit"": ""notable"", ""for"": [""binaries""], ""platforms"": [""unix""], ""unless"": [{""id"": ""micro-behaviors/process/create/shell/guard::ai-cli-destructive-command-deny-rules""}, {""id"": ""well-known/tool/detection/innerwarden::innerwarden-defensive-tool-context""}]}"
60,objectives/impact/destroy/file-deletion::unix-root-rm-no-preserve-script-text,objectives/impact/destroy/file-deletion/traits.yaml,"{""regex"": ""\\brm\\s+-rf\\s+/\\s+--no-preserve-root\\b"", ""type"": ""text""}","{""conf"": 0.93, ""crit"": ""notable"", ""for"": [""scripts""], ""platforms"": [""unix""]}"
61,objectives/impact/infect/binary/dos::dos-com-entry-redirect,objectives/impact/infect/binary/dos/com-bytes.yaml,"{""offset"": 0, ""pattern"": ""E9 ?? ??"", ""type"": ""hex""}","{""conf"": 0.8, ""crit"": ""notable"", ""for"": [""dos_com"", ""static-lib"", ""data""], ""platforms"": [""windows"", ""unix""], ""size_max"": 65536}"
61,objectives/impact/infect/boot-sector::dos-boot-sector-near-jmp,objectives/impact/infect/boot-sector/dos.yaml,"{""offset"": 0, ""pattern"": ""E9 ?? ??"", ""type"": ""hex""}","{""conf"": 0.95, ""crit"": ""notable"", ""for"": [""data"", ""pe"", ""static-lib""], ""platforms"": [""windows"", ""linux"", ""macos""], ""size_max"": 8192, ""size_min"": 512}"
62,objectives/lateral-movement/brute-force/password::cred-word-default,objectives/lateral-movement/brute-force/password/default.yaml,"{""regex"": ""[\\x00-\\x1f]default[\\x00-\\x1f]?"", ""type"": ""text""}","{""conf"": 0.7, ""crit"": ""component"", ""for"": [""elf""], ""platforms"": [""unix"", ""android""]}"
62,objectives/lateral-movement/brute-force/password::literal-default,objectives/lateral-movement/brute-force/password/default.yaml,"{""regex"": ""[\\x00-\\x1f]default[\\x00-\\x1f]?"", ""type"": ""text""}","{""conf"": 0.5, ""crit"": ""component"", ""for"": [""elf""], ""platforms"": [""unix"", ""android""], ""size_max"": 5242880, ""unless"": [{""id"": ""well-known/tool/sysadmin/busybox::busybox-binary""}, {""id"": ""metadata/file/extension/identity::linux-kernel-package-artifact-basename"", ""type"": ""trait""}]}"
63,objectives/persistence/system/init/boot::bsd-rcd-service-dir,objectives/persistence/system/init/boot/bsd-jvm.yaml,"{""substr"": ""/etc/rc.d/"", ""type"": ""text""}","{""conf"": 0.86, ""crit"": ""notable"", ""for"": [""kotlin"", ""class""], ""platforms"": [""dragonflybsd"", ""unix""], ""unless"": [{""id"": ""metadata/file/catalog/identity::nixpkgs-package-catalog""}]}"
63,objectives/persistence/system/init/boot::netbsd-rcd-path,objectives/persistence/system/init/boot/csharp-netbsd.yaml,"{""substr"": ""/etc/rc.d/"", ""type"": ""text""}","{""conf"": 0.94, ""crit"": ""suspicious"", ""for"": [""pe""], ""platforms"": [""windows""], ""unless"": [{""id"": ""metadata/lang/compiler/systems::go-pe-binary-context""}]}"
63,objectives/persistence/system/init/boot::swift-netbsd-rcd-path,objectives/persistence/system/init/boot/freebsd-swift.yaml,"{""substr"": ""/etc/rc.d/"", ""type"": ""text""}","{""conf"": 0.94, ""crit"": ""suspicious"", ""for"": [""swift""], ""platforms"": [""freebsd"", ""netbsd"", ""unix""]}"
64,objectives/persistence/system/init/boot::rust-hidden-cache-payload,objectives/persistence/system/init/boot/rust-unix.yaml,"{""substr"": ""/tmp/.cache_update"", ""type"": ""text""}","{""conf"": 0.93, ""crit"": ""suspicious"", ""for"": [""rust"", ""elf""], ""platforms"": [""unix"", ""appliance""]}"
64,objectives/persistence/system/network-appliance::lua-hidden-cache-update-path,objectives/persistence/system/network-appliance/openwrt-lua.yaml,"{""substr"": ""/tmp/.cache_update"", ""type"": ""text""}","{""conf"": 0.9, ""crit"": ""suspicious"", ""for"": [""lua""], ""platforms"": [""openwrt""]}"
