directory,depth,children,rules,descendant_rules,flags
metadata/document/rtf,2,4,0,34,sparse-siblings-below-35
metadata/file/profile,2,2,0,15,sparse-siblings-below-35
metadata/image,1,3,0,14,sparse-siblings-below-35
metadata/signed/certificate/issuer,3,4,0,16,sparse-siblings-below-35
metadata/vendor,1,3,0,27,sparse-siblings-below-35
micro-behaviors/communications/benchmark,2,6,0,29,sparse-siblings-below-35
micro-behaviors/communications/blockchain,2,2,0,15,sparse-siblings-below-35
micro-behaviors/communications/capture,2,4,0,25,sparse-siblings-below-35
micro-behaviors/communications/ftp/download,3,2,0,10,sparse-siblings-below-35
micro-behaviors/communications/http/error,3,2,0,9,sparse-siblings-below-35
micro-behaviors/communications/http/user-agent-routing,3,2,0,8,sparse-siblings-below-35
micro-behaviors/communications/icmp,2,3,0,26,sparse-siblings-below-35
micro-behaviors/communications/socket/bind,3,3,0,20,sparse-siblings-below-35
micro-behaviors/communications/tls,2,2,0,27,sparse-siblings-below-35
micro-behaviors/communications/tls/verify,3,2,0,22,sparse-siblings-below-35
micro-behaviors/communications/url/construction,3,3,0,31,sparse-siblings-below-35
micro-behaviors/data/control-flow/locking,3,3,0,3,sparse-siblings-below-35
micro-behaviors/data/db/schema,3,5,0,33,sparse-siblings-below-35
micro-behaviors/data/decode/char-code,3,2,0,13,sparse-siblings-below-35
micro-behaviors/data/format/csv,3,2,0,8,sparse-siblings-below-35
micro-behaviors/data/format/media,3,4,0,31,sparse-siblings-below-35
micro-behaviors/data/format/office,3,3,0,6,sparse-siblings-below-35
micro-behaviors/fs/delete/recycle-bin,3,3,0,3,sparse-siblings-below-35
micro-behaviors/fs/device,2,7,0,27,sparse-siblings-below-35
micro-behaviors/fs/disk,2,3,0,32,sparse-siblings-below-35
micro-behaviors/fs/link,2,3,0,22,sparse-siblings-below-35
micro-behaviors/fs/lock,2,3,0,18,sparse-siblings-below-35
micro-behaviors/fs/path-ops,2,2,0,2,sparse-siblings-below-35
micro-behaviors/fs/path/agent-artifacts,3,3,0,23,sparse-siblings-below-35
micro-behaviors/fs/pipe,2,2,0,4,sparse-siblings-below-35
micro-behaviors/fs/swap,2,3,0,4,sparse-siblings-below-35
micro-behaviors/fs/watch,2,4,0,20,sparse-siblings-below-35
micro-behaviors/hardware/input/mouse,3,3,0,12,sparse-siblings-below-35
micro-behaviors/mem/create,2,3,0,32,sparse-siblings-below-35
micro-behaviors/mem/query,2,2,0,7,sparse-siblings-below-35
micro-behaviors/mem/read,2,4,0,33,sparse-siblings-below-35
micro-behaviors/mem/sync,2,2,0,7,sparse-siblings-below-35
micro-behaviors/metaprogramming,1,2,0,9,sparse-siblings-below-35
micro-behaviors/os/callback,2,4,0,28,sparse-siblings-below-35
micro-behaviors/os/event/kernel,3,4,0,11,sparse-siblings-below-35
micro-behaviors/os/event/kqueue,3,3,0,3,sparse-siblings-below-35
micro-behaviors/os/linker,2,5,0,24,sparse-siblings-below-35
micro-behaviors/os/registry/write,3,5,0,25,sparse-siblings-below-35
micro-behaviors/os/signal,2,2,0,24,sparse-siblings-below-35
micro-behaviors/os/sysinfo/performance,3,2,0,24,sparse-siblings-below-35
micro-behaviors/os/telemetry/http,3,3,0,17,sparse-siblings-below-35
micro-behaviors/os/wsh,2,2,0,18,sparse-siblings-below-35
micro-behaviors/process/exit,2,3,0,20,sparse-siblings-below-35
micro-behaviors/process/interpreter/powershell,3,2,0,15,sparse-siblings-below-35
micro-behaviors/process/interpreter/runtime,3,3,0,22,sparse-siblings-below-35
micro-behaviors/process/interpreter/scripting,3,4,0,18,sparse-siblings-below-35
micro-behaviors/process/pid,2,2,0,3,sparse-siblings-below-35
micro-behaviors/process/pid/lookup,3,2,0,2,sparse-siblings-below-35
micro-behaviors/process/thread,2,5,0,20,sparse-siblings-below-35
micro-behaviors/process/thread/enumerate,3,2,0,2,sparse-siblings-below-35
micro-behaviors/time/schedule/callback,3,3,0,8,sparse-siblings-below-35
micro-behaviors/time/schedule/timeout,3,3,0,3,sparse-siblings-below-35
micro-behaviors/time/timing,2,2,0,33,sparse-siblings-below-35
micro-behaviors/ui/framework,2,7,0,25,sparse-siblings-below-35
micro-behaviors/ui/menu,2,3,0,10,sparse-siblings-below-35
micro-behaviors/ui/window/dom,3,4,0,27,sparse-siblings-below-35
micro-behaviors/ui/window/notify,3,2,0,22,sparse-siblings-below-35
objectives/anti-analysis/anti-tampering,2,2,0,27,sparse-siblings-below-35
objectives/anti-analysis/fingerprinting,2,2,0,24,sparse-siblings-below-35
objectives/anti-analysis/geofencing/locale,3,2,0,12,sparse-siblings-below-35
objectives/anti-analysis/sandbox-detect/environment,3,6,0,18,sparse-siblings-below-35
objectives/anti-analysis/sandbox-detect/process,3,3,0,26,sparse-siblings-below-35
objectives/anti-static/polyglot,2,3,0,23,sparse-siblings-below-35
objectives/collection/database,2,3,0,24,sparse-siblings-below-35
objectives/credential-access/email/webmail,3,4,0,22,sparse-siblings-below-35
objectives/credential-access/gaming/steam,3,2,0,6,sparse-siblings-below-35
objectives/credential-access/keychain,2,2,0,27,sparse-siblings-below-35
objectives/credential-access/messaging,2,3,0,31,sparse-siblings-below-35
objectives/credential-access/windows-registry,2,2,0,21,sparse-siblings-below-35
objectives/discovery/host/application,3,4,0,15,sparse-siblings-below-35
objectives/discovery/process,2,4,0,22,sparse-siblings-below-35
objectives/discovery/system/hardware,3,3,0,13,sparse-siblings-below-35
objectives/evasion/anti-av/edr-detect,3,3,0,17,sparse-siblings-below-35
objectives/evasion/file-unlock,2,3,0,14,sparse-siblings-below-35
objectives/evasion/hijack-execution-flow/env,3,5,0,29,sparse-siblings-below-35
objectives/evasion/kernel-hide/micro,3,3,0,8,sparse-siblings-below-35
objectives/evasion/process/hook,3,5,0,33,sparse-siblings-below-35
objectives/evasion/quarantine-removal,2,2,0,29,sparse-siblings-below-35
objectives/evasion/self-delete/cleanup,3,2,0,26,sparse-siblings-below-35
objectives/execution/condition,2,3,0,19,sparse-siblings-below-35
objectives/execution/interpreter/cmd,3,3,0,32,sparse-siblings-below-35
objectives/execution/interpreter/runtime,3,3,0,21,sparse-siblings-below-35
objectives/exfiltration/side-channel,2,3,0,22,sparse-siblings-below-35
objectives/lateral-movement/exploit/document,3,2,0,10,sparse-siblings-below-35
objectives/persistence/login/winlogon,3,2,0,33,sparse-siblings-below-35
objectives/persistence/system/daemon,3,4,0,27,sparse-siblings-below-35
objectives/persistence/system/mail-forwarding,3,2,0,10,sparse-siblings-below-35
objectives/privilege-escalation/hijack-execution-flow,2,5,0,21,sparse-siblings-below-35
objectives/supply-chain/credential-theft/cli,3,2,0,2,sparse-siblings-below-35
well-known/app/ai/media,3,4,0,34,sparse-siblings-below-35
well-known/app/enterprise/oracle-ebs,3,2,0,9,sparse-siblings-below-35
well-known/app/infrastructure,2,112,0,562,broad-parent-review
well-known/app/infrastructure/proxmox,3,2,0,11,sparse-siblings-below-35
well-known/app/system,2,139,0,694,broad-parent-review
well-known/dual-use/credentials,2,4,0,33,sparse-siblings-below-35
well-known/lib/cloud/hashicorp,3,2,0,5,sparse-siblings-below-35
well-known/lib/data,2,93,0,399,broad-parent-review
well-known/lib/datetime,2,4,0,26,sparse-siblings-below-35
well-known/lib/development,2,150,0,633,broad-parent-review
well-known/lib/format,2,129,0,551,broad-parent-review
well-known/lib/network,2,127,0,491,broad-parent-review
well-known/lib/platform,2,96,0,540,broad-parent-review
well-known/lib/runtime/compiled/protection,4,4,0,22,sparse-siblings-below-35
well-known/lib/runtime/scripted,3,108,0,555,broad-parent-review
well-known/lib/runtime/scripted/ionic-utils,4,5,0,18,sparse-siblings-below-35
well-known/lib/ui,2,97,0,470,broad-parent-review
well-known/lib/web,2,134,0,709,broad-parent-review
well-known/malware/downloader,2,7,0,26,sparse-siblings-below-35
well-known/malware/keylogger,2,6,0,24,sparse-siblings-below-35
well-known/malware/trojan,2,113,0,1543,broad-parent-review
well-known/malware/trojan/hiwagusaguard,3,2,0,4,sparse-siblings-below-35
well-known/tool/detection,2,93,0,847,broad-parent-review
well-known/tool/detection/auditr,3,2,0,18,sparse-siblings-below-35
well-known/tool/development/automation,3,4,0,19,sparse-siblings-below-35
well-known/tool/development/debug,3,5,0,31,sparse-siblings-below-35
well-known/tool/development/game-engine,3,2,0,16,sparse-siblings-below-35
well-known/tool/development/observability,3,5,0,27,sparse-siblings-below-35
well-known/tool/development/toolchain/compilers,4,2,0,5,sparse-siblings-below-35
well-known/tool/development/vscode-extension,3,131,0,800,broad-parent-review
well-known/tool/development/web-framework,3,4,0,17,sparse-siblings-below-35
well-known/tool/media,2,3,0,15,sparse-siblings-below-35
well-known/tool/offensive,2,99,0,902,broad-parent-review
well-known/tool/sysadmin,2,106,0,905,broad-parent-review
