old_id,new_id,file,action,settings_change,definition_sha256
objectives/credential-access/wallet/desktop::node-ethereum-keystore-path,micro-behaviors/fs/path/wallet::node-ethereum-keystore-path,micro-behaviors/fs/path/wallet/source-traits.yaml,move,none,f8ed96982d21fe187758348df008f234fc48eb2876aa0a5256ab42009660b779
objectives/credential-access/wallet/desktop::node-wallet-vault-path,micro-behaviors/fs/path/wallet::node-wallet-vault-path,micro-behaviors/fs/path/wallet/source-traits.yaml,move,none,9d4a41155f2f0c95a1ec15e3ca9cdd13a0e3e46cabdd0a914c56da27d9263205
objectives/credential-access/wallet/desktop::node-wallet-store-path,micro-behaviors/fs/path/wallet::node-wallet-store-path,micro-behaviors/fs/path/wallet/source-traits.yaml,move,none,8944bf9165cc2d7927cbd20ccef61ec7924e489407d0545fd745a173d0b5d3d0
objectives/credential-access/wallet/desktop::electrum-wallets-dir,micro-behaviors/fs/path/wallet::electrum-wallets-dir,micro-behaviors/fs/path/wallet/source-traits.yaml,move,none,9eee3a906ca26c743de0871b822ca18e8bca0fb36478c9f08b0bcd1945381d7a
objectives/credential-access/wallet/desktop::electrum-wallet-file,micro-behaviors/fs/path/wallet::electrum-wallet-file,micro-behaviors/fs/path/wallet/source-traits.yaml,move,none,035ae5d8326cc1f4b788f8c1aa892747204895ebfd061b6f137dceab82b1d87e
objectives/credential-access/wallet/desktop::electrum-default,micro-behaviors/fs/path/wallet::electrum-default,micro-behaviors/fs/path/wallet/source-traits.yaml,move,none,1753fc2a220614616c1f0d2b534a12da726397260d00fab9b70260538a48b5ad
objectives/credential-access/wallet/desktop::coinomi-wallets-dir,micro-behaviors/fs/path/wallet::coinomi-wallets-dir,micro-behaviors/fs/path/wallet/source-traits.yaml,move,none,d7ec9faae5174059646f12d623abc2def71553b429bebda8e7d310e306285525
objectives/credential-access/wallet/desktop::coinomi-wallet-dat,micro-behaviors/fs/path/wallet::coinomi-wallet-dat,micro-behaviors/fs/path/wallet/source-traits.yaml,move,none,44231dfa96753c12e1ff1deadcdbfe3fd24b11363d8a1c0db5f84057d2f017f8
objectives/credential-access/wallet/desktop::atomic-local-storage,micro-behaviors/fs/path/wallet::atomic-local-storage,micro-behaviors/fs/path/wallet/source-traits.yaml,move,none,e696266c05dceca7405ccc3158ed96127d6420135043822dd6b6a3bd6fba483a
objectives/credential-access/wallet/desktop::atomic-wallet-name,micro-behaviors/fs/path/wallet::atomic-wallet-name,micro-behaviors/fs/path/wallet/source-traits.yaml,move,none,8079f2b81f856e0e467998d33a5e9841e2e04811601ce1b958579c0bbe0d17a8
objectives/credential-access/wallet/desktop::walletwasabi-lower,micro-behaviors/fs/path/wallet::walletwasabi-lower,micro-behaviors/fs/path/wallet/source-traits.yaml,move,none,6be659df06b9570cabab40fe2e4ac5271b44fb7c4e98f6430db2e28be921821c
objectives/credential-access/wallet/desktop::walletwasabi-upper,micro-behaviors/fs/path/wallet::walletwasabi-upper,micro-behaviors/fs/path/wallet/source-traits.yaml,move,none,8d8f619b824c835d7bf3c59d48f01beb7654f90d491b93ea410d448db2f1ae1b
objectives/credential-access/wallet/desktop::binance-app-store,micro-behaviors/fs/path/wallet::binance-app-store,micro-behaviors/fs/path/wallet/source-traits.yaml,move,none,8e44483484e1b6dbe6f3fbbed0afa8ac4fab4bc94f6bbb9dc328606f04e3b4bf
objectives/credential-access/wallet/desktop::tonkeeper-config,micro-behaviors/fs/path/wallet::tonkeeper-config,micro-behaviors/fs/path/wallet/source-traits.yaml,move,none,f8320c992c69ba867aa943f2842866e4680647dc79eee5ef6cd915249068f5ef
objectives/credential-access/wallet/desktop::ledger-live-dir,micro-behaviors/fs/path/wallet::ledger-live-dir,micro-behaviors/fs/path/wallet/source-traits.yaml,move,none,4761444ca2b6feea02cfddf30bd4d10c96559ff0072dce99603f78d9295140d9
objectives/credential-access/wallet/desktop::ledger-accounts,micro-behaviors/fs/path/wallet::ledger-accounts,micro-behaviors/fs/path/wallet/source-traits.yaml,move,none,35e9b19caf20a8f85d8e35164b58146bb908ab556b0901db4f5befea10dfdde7
objectives/credential-access/wallet/desktop::trezor-suite,micro-behaviors/fs/path/wallet::trezor-suite,micro-behaviors/fs/path/wallet/source-traits.yaml,move,none,df86f943826dd1944cc38877148aa7352cee8c51adce09c7eb68a7d343d45b41
objectives/credential-access/wallet/desktop::guarda-local-storage,micro-behaviors/fs/path/wallet::guarda-local-storage,micro-behaviors/fs/path/wallet/source-traits.yaml,move,none,e964fb5b10fed60a03ea7e195ff7402e4c2df72fe612a72356df1614d305ef92
objectives/credential-access/wallet/desktop::bitcoin-wallet-dat,micro-behaviors/fs/path/wallet::bitcoin-wallet-dat,micro-behaviors/fs/path/wallet/source-traits.yaml,move,none,e578588fbcf188f310361750853bd734bafe1f65907714cc88c028f4c41a60f9
objectives/credential-access/wallet/desktop::bitcoin-wallets-dir,micro-behaviors/fs/path/wallet::bitcoin-wallets-dir,micro-behaviors/fs/path/wallet/source-traits.yaml,move,none,c36b8cacdc59b68b18346a84e6fd405b005fadb43928c55d44c3042765508129
objectives/credential-access/wallet/desktop::bitcoin-app-wallets,micro-behaviors/fs/path/wallet::bitcoin-app-wallets,micro-behaviors/fs/path/wallet/source-traits.yaml,move,none,c44ac94b39063dc6298f8722e272e3c84632f7bcf1762ed7390d27060b4071fe
objectives/credential-access/wallet/desktop::ethereum-keystore,micro-behaviors/fs/path/wallet::ethereum-keystore,micro-behaviors/fs/path/wallet/source-traits.yaml,move,none,8680f7195521c7adc217e754de97b1c202b7968246ee373384c3d89937eebcaa
objectives/credential-access/wallet/desktop::mist-keystore,micro-behaviors/fs/path/wallet::mist-keystore,micro-behaviors/fs/path/wallet/source-traits.yaml,move,none,c796736029b575fbe7aae626552999a9cc92fb82dab24d06392f0c23b1d1ab7b
objectives/credential-access/wallet/desktop::doteth-keystore,micro-behaviors/fs/path/wallet::doteth-keystore,micro-behaviors/fs/path/wallet/source-traits.yaml,move,none,879b71d214d1ca9d3b4d087e0489682b81da28dd867c14b42a5fdaa94264cb3e
objectives/credential-access/wallet/desktop::monero-wallets,micro-behaviors/fs/path/wallet::monero-wallets,micro-behaviors/fs/path/wallet/source-traits.yaml,move,none,a49ba4bdec0daf383da332a5434b28ded00cb5e24cf16335f8f1150a3e89e25d
objectives/credential-access/wallet/desktop::bitmonero-wallets,micro-behaviors/fs/path/wallet::bitmonero-wallets,micro-behaviors/fs/path/wallet/source-traits.yaml,move,none,91fec0a549741e311947f35941167ee058cdb7fe281b44fdb2414e25d36bf3e7
objectives/credential-access/wallet/desktop::litecoin-wallet-dat,micro-behaviors/fs/path/wallet::litecoin-wallet-dat,micro-behaviors/fs/path/wallet/source-traits.yaml,move,none,9371ae17499810360f3d6bb192cb32a9d736c3e2e36762f7cd12e40489c39c5c
objectives/credential-access/wallet/desktop::litecoin-wallets,micro-behaviors/fs/path/wallet::litecoin-wallets,micro-behaviors/fs/path/wallet/source-traits.yaml,move,none,ca7f5834399fb8328534d1991b6bbf464d6afb1ddb66d483ecd35864685d7091
objectives/credential-access/wallet/desktop::dashcore-wallets,micro-behaviors/fs/path/wallet::dashcore-wallets,micro-behaviors/fs/path/wallet/source-traits.yaml,move,none,e6435833eb924b1138fbc02a92c6ca30956035eda94d7a58dca731e6096ce287
objectives/credential-access/wallet/desktop::dash-wallet-dat,micro-behaviors/fs/path/wallet::dash-wallet-dat,micro-behaviors/fs/path/wallet/source-traits.yaml,move,none,d6abde39d7ee8d99367f41a23d679d089ba0759cae775e45df90801ad75b9c32
objectives/credential-access/wallet/desktop::electrum-ltc,micro-behaviors/fs/path/wallet::electrum-ltc,micro-behaviors/fs/path/wallet/source-traits.yaml,move,none,8bd4b86df2be9ed382ed67f788c09c87025973f841a2d1d187b30eec69658f47
objectives/credential-access/wallet/desktop::electron-cash,micro-behaviors/fs/path/wallet::electron-cash,micro-behaviors/fs/path/wallet/source-traits.yaml,move,none,8bf76727325427f2424b8579d0311bc886d77b16a745ee8c4dfcf73f5a49644c
objectives/credential-access/wallet/desktop::dogecoin-wallets,micro-behaviors/fs/path/wallet::dogecoin-wallets,micro-behaviors/fs/path/wallet/source-traits.yaml,move,none,9a159bc52447ad069b7421a9eaf2d938f93cd67f05d630b788aa574d7d4e1692
objectives/credential-access/wallet/desktop::dogecoin-wallet-dat,micro-behaviors/fs/path/wallet::dogecoin-wallet-dat,micro-behaviors/fs/path/wallet/source-traits.yaml,move,none,905858b340a19f0d6198e5fa7c5c54143cb1ef42df9d040c7b0afd61a5ee9efb
objectives/credential-access/wallet/desktop::python-monero-wallet-directory,micro-behaviors/fs/path/wallet::python-monero-wallet-directory,micro-behaviors/fs/path/wallet/wallet-file-search.yaml,move,none,84a8b29ff18113da61d68b6e314fed36bad7fd3ba49b1053250aedb29d93eec0
objectives/credential-access/wallet/desktop::electrum-wallet-path,micro-behaviors/fs/path/wallet::electrum-wallet-path,micro-behaviors/fs/path/wallet/macos-paths.yaml,move,none,dd07712647ece13122845f1bd00df98f442ec941aebafbf4cbdffa3cd77e3a0e
objectives/credential-access/wallet/desktop::coinomi-wallet-path,micro-behaviors/fs/path/wallet::coinomi-wallet-path,micro-behaviors/fs/path/wallet/macos-paths.yaml,move,none,1ce18e854e24b1a979a13a0fca6240bd8b4c97754fd57a64c1544f8c4925ea10
objectives/credential-access/wallet/desktop::exodus-wallet-path,micro-behaviors/fs/path/wallet::exodus-wallet-path,micro-behaviors/fs/path/wallet/macos-paths.yaml,move,none,1a67fe50edc12a9d5ae9add2f299f4dda463ddef834cacb23b48fc2c31cf6e59
objectives/credential-access/wallet/desktop::atomic-wallet-path,micro-behaviors/fs/path/wallet::atomic-wallet-path,micro-behaviors/fs/path/wallet/macos-paths.yaml,move,none,b36000431f70bb3497c1b20f0120ad23e9b7165ab4159631c7d321c9e1f85827
objectives/credential-access/wallet/desktop::trezor-suite-path,micro-behaviors/fs/path/wallet::trezor-suite-path,micro-behaviors/fs/path/wallet/macos-paths.yaml,move,none,f91f0126ab2d97f1d768deadc871f5c7bc4d3141fa4f708d6d68e2eb0c5562f5
objectives/credential-access/wallet/desktop::wallet-target-bundle,micro-behaviors/fs/path/wallet::wallet-target-bundle,micro-behaviors/fs/path/wallet/macos-paths.yaml,move,none,0b2ce1167ae61dd96718a893f0e678d37586ff7afeecd542091f283823f9d531
objectives/credential-access/wallet/desktop::electrum,micro-behaviors/fs/path/wallet::electrum,micro-behaviors/fs/path/wallet/source-traits.yaml,move,none,f1fb883bacdf10569dfc17566473ea1559b89f88514e00325401186caab72a5b
objectives/credential-access/wallet/desktop::wasabi,micro-behaviors/fs/path/wallet::wasabi,micro-behaviors/fs/path/wallet/source-traits.yaml,move,none,3153edc7061c012cf1336cf7a9c85d01c810d25fde07c331af488e622abf2620
objectives/credential-access/wallet/desktop::trezor,micro-behaviors/fs/path/wallet::trezor,micro-behaviors/fs/path/wallet/source-traits.yaml,move,none,8fbbe487edc97b0098a337278fbfc3eabe26d1b01844c13522b0c94ba8229ba8
objectives/credential-access/wallet/desktop::bitcoin-core,micro-behaviors/fs/path/wallet::bitcoin-core,micro-behaviors/fs/path/wallet/source-traits.yaml,move,none,5fe44c282460c508acb55a3f17f52a4bf192987c582aea2bc86f232099f86798
objectives/credential-access/wallet/desktop::ethereum,micro-behaviors/fs/path/wallet::ethereum,micro-behaviors/fs/path/wallet/source-traits.yaml,move,none,8bee1933a3d5f7f5226b8171f9ab9495b83ab4056c89dea9cdebc3c7d2d6ad23
objectives/credential-access/wallet/desktop::monero,micro-behaviors/fs/path/wallet::monero,micro-behaviors/fs/path/wallet/source-traits.yaml,move,none,af3eb342c833fe3370028a4c58db898e15defda2a027bf7ccb8716b3d841c48d
objectives/credential-access/wallet/desktop::litecoin-core,micro-behaviors/fs/path/wallet::litecoin-core,micro-behaviors/fs/path/wallet/source-traits.yaml,move,none,dc01b84a7b682f4d1c58309c7d730544fa2d958d0500b09ea244b399e59b4fff
objectives/credential-access/wallet/desktop::dash-core,micro-behaviors/fs/path/wallet::dash-core,micro-behaviors/fs/path/wallet/source-traits.yaml,move,none,4c8f039f0e9687c784deaa8f811e3fecf319603b72906d47390214d132405011
objectives/credential-access/wallet/desktop::dogecoin-core,micro-behaviors/fs/path/wallet::dogecoin-core,micro-behaviors/fs/path/wallet/source-traits.yaml,move,none,55c840efc3fe65309618f5d21da6d5722ed882507693a03a82f70e16df0e27cf
objectives/credential-access/wallet/desktop::wallet-app-path--trezor-ledger,micro-behaviors/fs/path/application/bundle::wallet-app-path--trezor-ledger,micro-behaviors/fs/path/application/bundle/electron-fake-wallet.yaml,move,none,170cc0e7151f26812b4845bfc68fe92705f1e461cbf6dea79e07a8cd3fc0547b
objectives/credential-access/wallet/desktop::wallet-app-path--exodus-atomic,micro-behaviors/fs/path/application/bundle::wallet-app-path--exodus-atomic,micro-behaviors/fs/path/application/bundle/electron-fake-wallet.yaml,move,none,4cf31087a7d0ec191ddfbda8045257920d4ddf53a78704ecba11e847466587e5
objectives/credential-access/wallet/desktop::wallet-app-path--metamask,micro-behaviors/fs/path/application/bundle::wallet-app-path--metamask,micro-behaviors/fs/path/application/bundle/electron-fake-wallet.yaml,move,none,dc219e67107943af2f2754703c5dc94fbfec5cfde2fdf9a6080ecf52eb80cd67
objectives/credential-access/wallet/desktop::wallet-applications-path-marker,micro-behaviors/fs/path/application/bundle::wallet-applications-path-marker,micro-behaviors/fs/path/application/bundle/electron-fake-wallet.yaml,move,none,295280908891aee11afecbdec7d5724fd23dd391ea083650e40f159a2eb2e8e4
objectives/credential-access/wallet/desktop::coinomi-bundle,micro-behaviors/os/application/target::coinomi-bundle,micro-behaviors/os/application/target/traits.yaml,move,none,4d069d516344cbafe080d3975e5f852d42d744c49ef797dc597481c210a41141
objectives/credential-access/wallet/desktop::exodus-bundle,micro-behaviors/os/application/target::exodus-bundle,micro-behaviors/os/application/target/traits.yaml,move,none,99ca281b20c2f413a7e76d055a7020c6eb4cb05f455c2389d8cd621fb8dc248e
objectives/credential-access/wallet/desktop::atomic-bundle,micro-behaviors/os/application/target::atomic-bundle,micro-behaviors/os/application/target/traits.yaml,move,none,4f50abd85c8730bb8230f470ba546c34bf4307c09b1427d9e947c326655bb6ff
objectives/credential-access/wallet/desktop::tonkeeper-bundle,micro-behaviors/os/application/target::tonkeeper-bundle,micro-behaviors/os/application/target/traits.yaml,move,none,09de2cec495ef61c72d28ab80e0a9da07f792064297ab341c1d2fb78572ff168
objectives/credential-access/wallet/desktop::guarda-bundle,micro-behaviors/os/application/target::guarda-bundle,micro-behaviors/os/application/target/traits.yaml,move,none,2835e264068b073e5931ea17d52226214d2c171c9d44a65844fd17a48ad4a6eb
objectives/credential-access/wallet/desktop::binance-aspect,micro-behaviors/os/application/target::binance-aspect,micro-behaviors/os/application/target/traits.yaml,move,none,20790a442c519be47f05bd32234f338d804484138db037480d300c13bb80a6da
objectives/credential-access/wallet/desktop::tonkeeper-desktop,micro-behaviors/os/application/target::tonkeeper-desktop,micro-behaviors/os/application/target/traits.yaml,move,none,e330a6bfd8290c2e741b9323ca89e9e8d481005d8a91940a7b435484d80f1396
objectives/credential-access/wallet/desktop::ledgerhq-package,micro-behaviors/os/application/target::ledgerhq-package,micro-behaviors/os/application/target/traits.yaml,move,none,371ccd5de7841ae05863077e35ab66107cc7362e473964ef5a239f7fa8121d6a
objectives/credential-access/wallet/desktop::desktop-wallet-product-list--rx-3,micro-behaviors/os/application/target::desktop-wallet-product-list--rx-3,micro-behaviors/os/application/target/traits.yaml,move,none,a813d966e98df728ab75ac3c36b3ae9d1c1886663655ae5b4fa21a5bdbc2f610
objectives/credential-access/wallet/desktop::desktop-wallet-product-list--rx-4,micro-behaviors/os/application/target::desktop-wallet-product-list--rx-4,micro-behaviors/os/application/target/traits.yaml,move,none,0b59256de31dbc2b1484135776b3ed17cc09df6ba6e74a00158a724da7c691b2
objectives/credential-access/wallet/desktop::desktop-wallet-product-list--rx-5,micro-behaviors/os/application/target::desktop-wallet-product-list--rx-5,micro-behaviors/os/application/target/traits.yaml,move,none,d89cae4ad907a461d05ab9d4ec9ef7c135fb7913983ea97abb94d9e44992514a
objectives/credential-access/wallet/desktop::desktop-wallet-product-list,micro-behaviors/os/application/target::desktop-wallet-product-list,micro-behaviors/os/application/target/traits.yaml,move,none,0378eaffb262df3f6a8d305768b38cec3b7b0d394fdfb847dce5b38bb28de5b0
objectives/credential-access/wallet/desktop::coinomi,micro-behaviors/os/application/target::coinomi,micro-behaviors/os/application/target/traits.yaml,move,none,32e5a313a011668e5acf3ee53faa93e4e31cc9b328c7566e21a205c712c20596
objectives/credential-access/wallet/desktop::atomic,micro-behaviors/os/application/target::atomic,micro-behaviors/os/application/target/traits.yaml,move,none,3c61f91097249c67bcc38908579cc5926bfb1c04f90b47264edeefb396038f35
objectives/credential-access/wallet/desktop::binance,micro-behaviors/os/application/target::binance,micro-behaviors/os/application/target/traits.yaml,move,none,911ff77421237a4319a5119c87a0ae6dd319323ea4b1e28a4ff92e2feb94acce
objectives/credential-access/wallet/desktop::tonkeeper,micro-behaviors/os/application/target::tonkeeper,micro-behaviors/os/application/target/traits.yaml,move,none,36d084bd083be181279ffd5774386c31021118f56252d908933d6b20503a805b
objectives/credential-access/wallet/desktop::ledger,micro-behaviors/os/application/target::ledger,micro-behaviors/os/application/target/traits.yaml,move,none,4ff8d9b9ad27fd04200bed4afa784a0d8484c502540efba19ada0c1406a47f67
objectives/credential-access/wallet/desktop::guarda,micro-behaviors/os/application/target::guarda,micro-behaviors/os/application/target/traits.yaml,move,none,04aa362067ca713bb223e381b4497899c61e95d0336e546d76d68eab865bb50c
metadata/file/string/identity::ledger-live-product,micro-behaviors/os/application/target::ledger-live-product,micro-behaviors/os/application/target/crypto-wallet-products.yaml,move,none,12d47411f1a6d8807cfd76d15a35ab8a6166dd37872f0dc2d37c331374c13212
metadata/file/string/identity::trezor-suite-product,micro-behaviors/os/application/target::trezor-suite-product,micro-behaviors/os/application/target/crypto-wallet-products.yaml,move,none,03a51f31cd1db1af8e8e8ec693ad32f4fefcd8dee2fbf11668115d0e87339f9a
objectives/credential-access/wallet/desktop::node-require-win-dpapi,micro-behaviors/os/security/dpapi::node-require-win-dpapi,micro-behaviors/os/security/dpapi/traits.yaml,move,none,e7be7dfa0eff8969bd9d2da4b27e964b6539f87702cb7376d8cbffc0a78ee737
objectives/credential-access/wallet/desktop::electron-send-telegram-ipc,micro-behaviors/communications/messaging/send::telegram-send-channel,micro-behaviors/communications/messaging/send/electron-fake-wallet.yaml,move,none,f9e8a34709b9d7107986b5bd0c30c11350de27460ab7bd876f118be597ab98a7
objectives/credential-access/wallet/desktop::wallet-secret-phrase-header,micro-behaviors/ui/dialog/prompt::secret-phrase-label,micro-behaviors/ui/dialog/prompt/electron-fake-wallet.yaml,move,none,0da42d9f38e8e7d58ad5448616924a82281c9c7b5c05aede2b16f0f07215a2d1
objectives/credential-access/wallet/desktop::electron-wallet-seed-telegram-exfil,objectives/exfiltration/stealer/credential::secret-phrase-telegram-send,objectives/exfiltration/stealer/credential/electron-fake-wallet.yaml,move,none,2de2c91a418fa70b4f752854bed10fab0ff1270558fe7cdab0f5830d02a92f10
objectives/credential-access/wallet/mnemonic::wallet-credential-http-exfil,objectives/exfiltration/stealer/credential::private-key-input-http-export,objectives/exfiltration/stealer/credential/html-phishing.yaml,move,none,26b07c44ee353870785d38b54c6bdb296a26fc499c2e975cb383c76b88ba246f
objectives/credential-access/wallet/mnemonic::wallet-credential-encoded-http-exfil,objectives/exfiltration/stealer/credential::secret-entry-encoded-http-export,objectives/exfiltration/stealer/credential/html-phishing.yaml,move,none,9a1320cca447800d30e8ed90335d58649ee62c6a51ad3ebda82022d963264573
objectives/credential-access/wallet/mnemonic::wallet-seed-http-exfil,objectives/exfiltration/stealer/wallet::wallet-seed-http-exfil,objectives/exfiltration/stealer/wallet/html-phishing.yaml,move,none,21c83c1fe670df6856e8f4fae7fc9a0676bba70640abd316432cee9bb740e309
objectives/credential-access/wallet/mnemonic::bip39-autocomplete-seed-exfil,objectives/exfiltration/stealer/wallet::bip39-autocomplete-seed-exfil,objectives/exfiltration/stealer/wallet/html-phishing.yaml,move,none,75d3f5274f88fb0731bbb0b8626d0bf62365d86298ab1464f20b0bb0ccc4a535
objectives/credential-access/wallet/mnemonic::fake-invalid-seed-double-harvest,objectives/exfiltration/stealer/wallet::seed-export-invalid-message,objectives/exfiltration/stealer/wallet/html-phishing.yaml,move,none,a1592ee58a2d60560b2e6a0bc19a0bd0667d3edba52c01c26c5f1e358ae9480d
