old_id,new_id,file,matcher_change,definition_sha256
objectives/exfiltration/stealer/sweep::android-credential-http-exfil,objectives/exfiltration/stealer/credential::android-credential-http-exfil,objectives/exfiltration/stealer/credential/android-credential-store.yaml,none,9f64bd471366dea420954675d38f8871949200a5c003c6e053dfc66fc75e1234
objectives/exfiltration/stealer/sweep::android-credential-upload-exfil,objectives/exfiltration/stealer/credential::android-credential-upload-exfil,objectives/exfiltration/stealer/credential/android-credential-store.yaml,none,9b9bc2c83399e26d6a9afda0bb549a0d86898960d6ed21ba1a61370c04647d86
objectives/exfiltration/stealer/sweep::android-sensitive-location-file-collection,micro-behaviors/os/privilege/manifest::android-sensitive-access-permissions,micro-behaviors/os/privilege/manifest/android-location-contacts-files.yaml,none,72f990484d35f1d1c62422e029c3b1ce5c945a8d501a75bc860b4c5ab919fd75
objectives/exfiltration/stealer/sweep::applescript-grabber-zip-exfil,objectives/exfiltration/stealer/file::applescript-grabber-zip-exfil,objectives/exfiltration/stealer/file/applescript-amos.yaml,none,4e8007d50ef787a0a96a12ab983ebeca9292f4bb53280bca33c0e3948bcb9bc4
objectives/exfiltration/stealer/sweep::macos-stealer-curl-tmp-form-upload,objectives/exfiltration/stealer/multi-source::macos-stealer-curl-tmp-form-upload,objectives/exfiltration/stealer/multi-source/applescript-macos-curl-tmp-upload.yaml,none,f09ebef987cbe5ba646964e4baec862a61502e9f5252b2a1f96f1ce7e0537b67
objectives/exfiltration/stealer/sweep::c-unix-credential-http-exfil,objectives/exfiltration/stealer/multi-source::c-unix-credential-http-exfil,objectives/exfiltration/stealer/multi-source/c-unix-collect-post.yaml,none,3ed10778d787d8566b9bb62bc38459845ddb215370e24f9802c81412c629507c
objectives/exfiltration/stealer/sweep::native-mcp-credential-snapshot-language,micro-behaviors/os/security/auth/secret::native-credential-snapshot-language,micro-behaviors/os/security/auth/secret/credential-snapshot-tunnel-native.yaml,none,cf315ed5086dda8b1449aa68d642e9f2cf802d7bbec62d5f5490d74d32adaeb4
objectives/exfiltration/stealer/sweep::native-mcp-token-capture-language,micro-behaviors/os/security/auth/secret::native-token-capture-language,micro-behaviors/os/security/auth/secret/credential-snapshot-tunnel-native.yaml,none,cdaec19adb475c0b96ef45a6464f20d6b77fc50f3d5b4bc3ea63f818bea14c2d
objectives/exfiltration/stealer/sweep::native-mcp-credential-tunnel,objectives/exfiltration/stealer/credential::native-credential-snapshot-tunnel,objectives/exfiltration/stealer/credential/credential-snapshot-tunnel-native.yaml,none,fc6990567ed225bc83a47800cc60d04cc667ce781ce3ab752eb41beeb30337d4
objectives/exfiltration/stealer/sweep::csharp-unix-credential-beacon,objectives/exfiltration/stealer/multi-source::csharp-unix-credential-beacon,objectives/exfiltration/stealer/multi-source/csharp-unix-creds-beacon.yaml,none,740e8501f202fff2ed905955e4dfd1d0c6c22bf169e5311e45817c11e6c15e03
objectives/exfiltration/stealer/sweep::macos-telegram-browser-wallet-stealer,objectives/exfiltration/stealer/multi-source::macos-telegram-browser-wallet-stealer,objectives/exfiltration/stealer/multi-source/go-macos-browser-wallet-telegram.yaml,none,73704c01ea4ba1d7e80dc252510e7bd5380dd4c7354c884a641acc4ba6750a3e
objectives/exfiltration/stealer/sweep::macos-group-container-telegram-stealer,objectives/exfiltration/stealer/file::macos-group-container-telegram-stealer,objectives/exfiltration/stealer/file/go-macos-browser-wallet-telegram.yaml,none,6a96d89cc584732c794ba5d1f65eba3f8682487018377e9f5dc4ca70ff967ae1
objectives/exfiltration/stealer/sweep::go-root-credential-path-list,objectives/credential-access/theft/multi-store::go-root-credential-path-list,objectives/credential-access/theft/multi-store/go-unix-root-secrets.yaml,none,393391848391c88050ceda311fa54decba017f2502cb9ef7ec8a5d06f69b9eed
objectives/exfiltration/stealer/sweep::go-root-secret-tcp-exfil,objectives/exfiltration/stealer/multi-source::go-root-secret-tcp-exfil,objectives/exfiltration/stealer/multi-source/go-unix-root-secrets.yaml,none,79514e52a399174cff0a8d67c99852a184bb3a853d357a89e06185762c5372a8
objectives/exfiltration/stealer/sweep::go-macos-credential-http-exfil,objectives/exfiltration/stealer/credential::go-macos-credential-http-exfil,objectives/exfiltration/stealer/credential/go-unix-root-secrets.yaml,none,641c3927def11d9f57dbd6b46c67bc0ddd0d224af17f798f1c9b9ba468a8cf7a
objectives/exfiltration/stealer/sweep::go-root-credential-http-exfil,objectives/exfiltration/stealer/multi-source::go-root-credential-http-exfil,objectives/exfiltration/stealer/multi-source/go-unix-root-secrets.yaml,none,a7270a326edf34045ab43db3ab9cccb19b05360f90948d58b12268d05c63e9fc
objectives/exfiltration/stealer/sweep::go-macho-credential-http-exfil,objectives/exfiltration/stealer/credential::go-macho-credential-http-exfil,objectives/exfiltration/stealer/credential/go-unix-root-secrets.yaml,none,1bf2b488a1b7222ab7f3ebb9beff0e46e43cf2d7159aa87bf8d61c98e56d42d0
objectives/exfiltration/stealer/sweep::go-windows-collect-credential-exfil,objectives/exfiltration/stealer/multi-source::go-windows-collect-credential-exfil,objectives/exfiltration/stealer/multi-source/http-go-windows.yaml,none,7d93c76da4f71cb88fe12345c3006462177c6182c9ef29e32d137a06ae5a5c94
objectives/exfiltration/stealer/sweep::kotlin-windows-credential-sweep,objectives/credential-access/theft/multi-store::kotlin-windows-credential-sweep,objectives/credential-access/theft/multi-store/http-kotlin-windows.yaml,none,b8cd7f346769022185077187f8f15037de526f07c0cd2e36509a4851a9ec8050
objectives/exfiltration/stealer/sweep::kotlin-windows-credential-http-exfil,objectives/exfiltration/stealer/credential::kotlin-windows-credential-http-exfil,objectives/exfiltration/stealer/credential/http-kotlin-windows.yaml,none,d622eac87fe220e6892f60359ffacb11f609838ae0292e4ca79d5d6b449f1c5d
objectives/exfiltration/stealer/sweep::kotlin-windows-bytecode-credential-exfil,objectives/exfiltration/stealer/credential::kotlin-windows-bytecode-credential-exfil,objectives/exfiltration/stealer/credential/http-kotlin-windows.yaml,none,6915000776bd45a3260d813ccc98aa0398d9419652ce2960203c3226743aca80
objectives/exfiltration/stealer/sweep::native-windows-browser-steam-http-exfil,objectives/exfiltration/stealer/multi-source::native-windows-browser-steam-http-exfil,objectives/exfiltration/stealer/multi-source/http-native-windows-browser-steam.yaml,none,b54c8cf75d85adc9231b768490a9a4345c907649b288bb9f27a0725dd0f73c6a
objectives/exfiltration/stealer/sweep::node-windows-credential-http-exfil,objectives/exfiltration/stealer/credential::node-windows-credential-http-exfil,objectives/exfiltration/stealer/credential/http-node-windows.yaml,none,51e89a44e5003f1bad689a38ba9510cebeeb026dbc79b497fc8616903aea442d
objectives/exfiltration/stealer/sweep::rust-collector-functions,objectives/credential-access/theft/multi-store::rust-collector-functions,objectives/credential-access/theft/multi-store/http-rust-netbsd.yaml,none,dd95e2f3ab32a44e9a3f37c0973aeb9696bf6a745d1ebb925174c0ebcf238e9f
objectives/exfiltration/stealer/sweep::rust-netbsd-credential-upload,objectives/exfiltration/stealer/multi-source::rust-netbsd-credential-upload,objectives/exfiltration/stealer/multi-source/http-rust-netbsd.yaml,none,e3dbb2517f79597da55cbc648cb54fc71e0818796783cdef1398537cb8c19837
objectives/exfiltration/stealer/sweep::rust-netbsd-credential-upload-elf,objectives/exfiltration/stealer/multi-source::rust-netbsd-credential-upload-elf,objectives/exfiltration/stealer/multi-source/http-rust-netbsd.yaml,none,2251b3d37cc06b9ae37cabdddfbaef5ebd8ce249e50b03cff5a520d4bccc7f32
objectives/exfiltration/stealer/sweep::rust-windows-collect-credential-exfil,objectives/exfiltration/stealer/credential::rust-windows-collect-credential-exfil,objectives/exfiltration/stealer/credential/http-rust-windows-collect.yaml,none,8ad3f61fe7b6af6de63fc685fda810dc14765960b8549f421d99cae0be766a71
objectives/exfiltration/stealer/sweep::java-db-and-secret-harvest,objectives/credential-access/theft/multi-store::java-db-and-secret-harvest,objectives/credential-access/theft/multi-store/java-unix-config-secrets.yaml,none,cac317f8fe19205bd4795954896b900d40fc7efe2b9e4d7354b3f9d84bd47cd8
objectives/exfiltration/stealer/sweep::java-sensitive-file-harvest,objectives/credential-access/theft/multi-store::java-sensitive-file-harvest,objectives/credential-access/theft/multi-store/java-unix-config-secrets.yaml,none,382d0bf757bbbed6fb5b4c8e934b3609cd0316a51a608cd65d9b8f252ebab52d
objectives/exfiltration/stealer/sweep::js-sensitive-target-file-marker,objectives/collection/file-targeting/identity-set::js-sensitive-target-file-marker,objectives/collection/file-targeting/identity-set/javascript-targeted-sensitive-path-upload.yaml,none,70af891512b6e9c083732461fc4372f6ba1fe8e1c81cd4ebde290acb52c6b096
objectives/exfiltration/stealer/sweep::js-targeted-file-upload-exfil,objectives/exfiltration/stealer/file::js-targeted-file-upload-exfil,objectives/exfiltration/stealer/file/javascript-targeted-sensitive-path-upload.yaml,none,2cb5b5e72943a13570d181d66ebc88ef2d512416af5259c1edf1b497dc39983f
objectives/exfiltration/stealer/sweep::macos-credential-file-targeting,objectives/collection/file-targeting/filter::macos-credential-file-targeting,objectives/collection/file-targeting/filter/macho-key-files-csidentity.yaml,none,fec25683b8b6daa70fd8e903281274922634b89e2c978b6083dafec62d1a75e5
objectives/exfiltration/stealer/sweep::credential-stealer-macos,objectives/exfiltration/stealer/file::credential-stealer-macos,objectives/exfiltration/stealer/file/macho-key-files-csidentity.yaml,none,8c1aae1da54f8698996bc75cbcc86e23a0f2c88ab26124e7e412906b7a99b00b
objectives/exfiltration/stealer/sweep::macos-sensitive-store-password-exfil,objectives/exfiltration/stealer/multi-source::macos-sensitive-store-password-exfil,objectives/exfiltration/stealer/multi-source/macos-notes-safari-cookies-password-phish.yaml,none,1b77d8859b6b25f6153fc35d4bfb3be0038c682d49106b2ccb795ce4961cac73
objectives/exfiltration/stealer/sweep::native-linux-credential-http-exfil,objectives/exfiltration/stealer/multi-source::native-linux-credential-http-exfil,objectives/exfiltration/stealer/multi-source/native-linux-credential-files.yaml,none,c2d8ffc81e5471cc9199f92b2d7951182251e04036119942fd57762b7e9f42b4
objectives/exfiltration/stealer/sweep::node-sensitive-find-http-exfil,objectives/exfiltration/stealer/file::node-sensitive-find-http-exfil,objectives/exfiltration/stealer/file/node-unix-multi-source.yaml,none,08ef8f0de50c3edf133e0edb07a6e28b07119bfee80fd76441bd6371bbac7604
objectives/exfiltration/stealer/sweep::php-unix-secret-curl-exfil,objectives/exfiltration/stealer/multi-source::php-unix-secret-curl-exfil,objectives/exfiltration/stealer/multi-source/php-unix-secret-post.yaml,none,8ab9e2fd00ec19a9ea325bd9038e9c5dbf4c8bf71d49023b3f59a31154aecb25
objectives/exfiltration/stealer/sweep::php-unix-secret-raw-http-exfil,objectives/exfiltration/stealer/credential::php-unix-secret-raw-http-exfil,objectives/exfiltration/stealer/credential/php-unix-secret-post.yaml,none,f0375ab7cf907352920ed57ec00abdb2ed12cc84c4e4d3002c26f86664631bce
objectives/exfiltration/stealer/sweep::python-json-request-call,micro-behaviors/communications/http/request/json::python-json-request-call,micro-behaviors/communications/http/request/json/python-unix-env-ssh.yaml,none,3740974efbe53c73cfdf42d0360efeffd77a0bf0baa53e7babf47385a0c127ec
objectives/exfiltration/stealer/sweep::python-unix-secret-http-exfil,objectives/exfiltration/stealer/credential::python-unix-secret-http-exfil,objectives/exfiltration/stealer/credential/python-unix-env-ssh.yaml,none,6454dba3ccb1adbcd2034c0814d1e5e67fe809118f3cdb65f9f542d382eaad9a
objectives/exfiltration/stealer/sweep::ruby-system-sensitive-payload,objectives/credential-access/theft/multi-store::ruby-host-and-secret-targets,objectives/credential-access/theft/multi-store/ruby-tcp.yaml,none,dac642346497f80714e664733ccb700f02452825d57103ba2a562d0e1f59e225
objectives/exfiltration/stealer/sweep::ruby-system-info-tcp-exfil,objectives/exfiltration/stealer/multi-source::ruby-account-ssh-tcp-exfil,objectives/exfiltration/stealer/multi-source/ruby-tcp.yaml,none,522de7f71938c31926f6a81880fb7cd148fa7667f2be1746c4359d17ce30f77a
objectives/exfiltration/stealer/sweep::rust-sensitive-tcp-exfil,objectives/exfiltration/stealer/file::rust-sensitive-tcp-exfil,objectives/exfiltration/stealer/file/rust-aix-tcp.yaml,none,683f5e5af571b1c60d45872a18ba7ce6b58f063b18714a2ccbec60d6176fe3e1
objectives/exfiltration/stealer/sweep::shell-macos-cloud-info-exfil,objectives/exfiltration/stealer/credential::shell-macos-cloud-info-exfil,objectives/exfiltration/stealer/credential/shell-macos.yaml,none,cc25f4daa59eb60758bb8d1ce00d7b54326fe8412c1700dbef9ae62fbf4f9d9c
objectives/exfiltration/stealer/sweep::shell-package-token-bundle,objectives/credential-access/theft/file::shell-package-token-bundle,objectives/credential-access/theft/file/shell-unix-local-secrets.yaml,none,8d930a6b6091db123d866345b23d1b4f8ae74b2aeaea8c867ff6eaf5ebcfab3b
objectives/exfiltration/stealer/sweep::shell-local-secret-collector,objectives/credential-access/theft/multi-store::shell-local-secret-collector,objectives/credential-access/theft/multi-store/shell-unix-local-secrets.yaml,none,1885f1727c13fdb88c508470915c9c97ad0b49bbe3161ea31e5aad1762206826
objectives/exfiltration/stealer/sweep::shell-credential-bundle-collector,objectives/credential-access/theft/multi-store::shell-credential-bundle-collector,objectives/credential-access/theft/multi-store/shell-unix-local-secrets.yaml,none,9ac5e32ee3810b1818e54e4a9ff285fb2586e135836c2244680c74ee51ead14f
objectives/exfiltration/stealer/sweep::automated-webapp-secret-harvester,objectives/credential-access/theft/multi-store::automated-webapp-secret-harvester,objectives/credential-access/theft/multi-store/shell-webapp-harvester.yaml,none,508edcabb90d64580940be62340bf8f1efab1c21b5a3360868b3d1ce0f4e1d19
objectives/exfiltration/stealer/sweep::cloud-kube-webapp-secret-sweep,objectives/credential-access/theft/multi-store::cloud-kube-webapp-secret-sweep,objectives/credential-access/theft/multi-store/shell-webapp-harvester.yaml,none,db3c74aef09b89d860b4cc6e5d6b76a9f37b31c58c46b2506dccfb53a65b90db
objectives/exfiltration/stealer/sweep::nexus-phase-callback-url,objectives/exfiltration/http/query::nexus-phase-callback-url,objectives/exfiltration/http/query/shell-webapp-harvester.yaml,none,43626931d03dbf6986cfcc39da32ef690e2429dcd0e1858584b9060aaa40bd90
objectives/exfiltration/stealer/sweep::harvest-phase-names,objectives/exfiltration/http/query::harvest-phase-names,objectives/exfiltration/http/query/shell-webapp-harvester.yaml,none,6c7dacb104b4ba4b7aef66f5bff545987bcf46f123d0bb4418d1345f2dc94654
objectives/exfiltration/stealer/sweep::shell-history-harvest-files,micro-behaviors/fs/path/personal::shell-history-harvest-files,micro-behaviors/fs/path/personal/shell-webapp-harvester.yaml,none,4fd44ee6d362e1520cfd2fef2055e7d01e3454dfa024d8dfc6fe9c9fbe59f0e2
objectives/exfiltration/stealer/sweep::package-auth-file-harvest,micro-behaviors/fs/path/secret-config::package-auth-file-harvest,micro-behaviors/fs/path/secret-config/shell-webapp-harvester.yaml,none,bdbc6d91372c4f1dd0591d3ba7f584a96d5d503dc7357ab5155ec10cf60c2f4e
objectives/exfiltration/stealer/sweep::multi-store-staged-collection-protocol,objectives/exfiltration/stealer/multi-source::multi-store-staged-collection-protocol,objectives/exfiltration/stealer/multi-source/staged-stage-query-protocol.yaml,none,4b04ada125a841ff03a102521c9df42fc55e87f0d634b6aefa52d7ba5a59ca3b
objectives/exfiltration/stealer/sweep::swift-bsd-credential-http-exfil,objectives/exfiltration/stealer/multi-source::swift-bsd-credential-http-exfil,objectives/exfiltration/stealer/multi-source/swift-unix-bsd-credentials.yaml,none,2450e644bbce80c4f02f694eeb4f86c930c74c2b22351860b0e9bc86a43d6ca6
objectives/exfiltration/stealer/sweep::swift-bsd-credential-urlrequest-exfil,objectives/exfiltration/stealer/multi-source::swift-bsd-credential-urlrequest-exfil,objectives/exfiltration/stealer/multi-source/swift-unix-bsd-credentials.yaml,none,042c4b9922d0bbe1c4b986d926c06069f0ba569eed0707c1d29aae35f9ed5a09
objectives/exfiltration/stealer/sweep::multi-store-credential-upload,objectives/exfiltration/stealer/multi-source::multi-store-credential-upload,objectives/exfiltration/stealer/multi-source/windows-pe-filezilla-firefox-upload.yaml,none,759bc503ca23b360b06e3b4d8f686ab473b768e350e4e1c1c9ea33448fd77801
objectives/exfiltration/stealer/sweep::node-unix-secret-http-exfil,objectives/exfiltration/stealer/credential::node-unix-secret-http-exfil,objectives/exfiltration/stealer/credential/node-unix-secret-sweep.yaml,source-destination-separation,dbc5ae5d0b23d43a0c327468dd6a8214806a5c27d34ab2e803ffe884cf61dad8
objectives/exfiltration/stealer/sweep::ps-credential-collect-http-exfil,objectives/exfiltration/stealer/credential::ps-credential-collect-http-exfil,objectives/exfiltration/stealer/credential/http-powershell-windows.yaml,none,750943cb6e4dd59d49947a52541d36c04f4000cb5f040f1b34564448df622490
objectives/exfiltration/stealer/sweep::ps-credential-archive-http-exfil,objectives/exfiltration/stealer/credential::ps-credential-archive-http-exfil,objectives/exfiltration/stealer/credential/http-powershell-windows.yaml,none,ef9ff71c82c75030b23559b8d56a6610771f487d0c9a2327a0e7ec37053d96da
objectives/exfiltration/stealer/sweep::ps-sweep-archive-http-exfil,objectives/exfiltration/stealer/file::ps-sweep-archive-http-exfil,objectives/exfiltration/stealer/file/http-powershell-windows.yaml,none,4cb26f80ff00b150b300e061f0ce657b03a80a79628565f57ef91c66b6183652
objectives/exfiltration/stealer/sweep::cis-exclusion-stealer,objectives/anti-analysis/geofencing/region/cluster::cis-sensitive-target-exclusion,objectives/anti-analysis/geofencing/region/cluster/native-sensitive-file-targeting.yaml,none,32e5f4084923da89836cf0d5ae41551440e65584e78e58fcd07ace4b64a4e8c5
objectives/exfiltration/stealer/sweep::networked-wallet-and-credential-file-stealer,objectives/exfiltration/stealer/wallet::networked-wallet-and-credential-file-stealer,objectives/exfiltration/stealer/wallet/native-sensitive-file-targeting.yaml,none,9b2cfe5f2f60b07e5f274c02ede7c06cefb6ce548c6b5acacf59438daa653399
objectives/exfiltration/stealer/sweep::python-multi-app-credential-upload,objectives/exfiltration/stealer/multi-source::python-multi-app-credential-upload,objectives/exfiltration/stealer/multi-source/native-sensitive-file-targeting.yaml,none,1731d05fc3c4d3d2a0413355f59396ea79f8fd50d7c6e30243ad72a4950a92a6
objectives/exfiltration/stealer/sweep::swift-shadow-collect-upload,objectives/exfiltration/stealer/multi-source::swift-shadow-collect-upload,objectives/exfiltration/stealer/multi-source/swift-shadow-ssh-history.yaml,none,33422c35b9e33e2d74d83d80fc3b41a601b9e5668e82fddce349bfe7c4b09e89
objectives/exfiltration/stealer/sweep::objc-bsd-credential-http-exfil,objectives/exfiltration/stealer/multi-source::objc-bsd-credential-http-exfil,objectives/exfiltration/stealer/multi-source/objc-bsd-http.yaml,none,b2866b7db6f8cb5487c328642a0fb1593eb85548987f964be0ac16d19d42f233
objectives/exfiltration/stealer/sweep::python-profiler,objectives/exfiltration/stealer/multi-source::python-profiler,objectives/exfiltration/stealer/multi-source/mixed-source-profile.yaml,none,6ddf8626bb4083f2b2e479217162d78ec6e03f60d598f07aa1d7f0a85bce53d0
