consumer,directory,added_count,removed_count,added_ids,removed_ids,decision
objectives/anti-static/obfuscation/imports::import-concealed-ransomware-pattern,micro-behaviors/fs/,21,1,micro-behaviors/fs/search::applescript-find-command;micro-behaviors/fs/search::applescript-find-id-json-target;micro-behaviors/fs/search::applescript-find-keystore-glob;micro-behaviors/fs/search::applescript-find-keystore-target;micro-behaviors/fs/search::applescript-find-wallet-glob;micro-behaviors/fs/search::applescript-find-wallet-target;micro-behaviors/fs/search::id-json-search-options;micro-behaviors/fs/search::macho-shell-find-iname-filter;micro-behaviors/fs/search::macho-shell-find-maxdepth;micro-behaviors/fs/search::powershell-keystore-glob;micro-behaviors/fs/search::powershell-wallet-glob;micro-behaviors/fs/search::recursive-file-discovery;micro-behaviors/fs/search::shell-find-id-json-name;micro-behaviors/fs/search::shell-find-id-json-target;micro-behaviors/fs/search::shell-find-keystore-glob;micro-behaviors/fs/search::shell-find-keystore-target;micro-behaviors/fs/search::shell-find-wallet-glob;micro-behaviors/fs/search::shell-find-wallet-target;micro-behaviors/fs/search::wallet-file-search;micro-behaviors/fs/search::wallet-powershell-search;micro-behaviors/fs/search::wallet-shell-search,micro-behaviors/data/config/load::parse-env-file-method,Keep capability membership. Filename search joins filesystem search; dotenv parsing leaves filesystem discovery for configuration loading.
objectives/anti-static/obfuscation/imports::import-concealed-dropper-pattern,micro-behaviors/fs/,21,1,micro-behaviors/fs/search::applescript-find-command;micro-behaviors/fs/search::applescript-find-id-json-target;micro-behaviors/fs/search::applescript-find-keystore-glob;micro-behaviors/fs/search::applescript-find-keystore-target;micro-behaviors/fs/search::applescript-find-wallet-glob;micro-behaviors/fs/search::applescript-find-wallet-target;micro-behaviors/fs/search::id-json-search-options;micro-behaviors/fs/search::macho-shell-find-iname-filter;micro-behaviors/fs/search::macho-shell-find-maxdepth;micro-behaviors/fs/search::powershell-keystore-glob;micro-behaviors/fs/search::powershell-wallet-glob;micro-behaviors/fs/search::recursive-file-discovery;micro-behaviors/fs/search::shell-find-id-json-name;micro-behaviors/fs/search::shell-find-id-json-target;micro-behaviors/fs/search::shell-find-keystore-glob;micro-behaviors/fs/search::shell-find-keystore-target;micro-behaviors/fs/search::shell-find-wallet-glob;micro-behaviors/fs/search::shell-find-wallet-target;micro-behaviors/fs/search::wallet-file-search;micro-behaviors/fs/search::wallet-powershell-search;micro-behaviors/fs/search::wallet-shell-search,micro-behaviors/data/config/load::parse-env-file-method,Keep capability membership. Filename search joins filesystem search; dotenv parsing leaves filesystem discovery for configuration loading.
objectives/collection/app-data/metadata::metadata-collection,micro-behaviors/fs/directory/traverse/,0,1,,micro-behaviors/fs/search::find-app-bundle,Explicit repair: factor-traversal. Preserve relevant original source evidence and boolean grouping; see wallet-search-consumer-repairs.json.
objectives/collection/file-targeting/filter::targeted-high-value-file-discovery,micro-behaviors/fs/directory/traverse/,0,1,,micro-behaviors/fs/search::find-app-bundle,Explicit repair: retain-traversal. Preserve relevant original source evidence and boolean grouping; see wallet-search-consumer-repairs.json.
objectives/collection/file-targeting/identity-set::js-sensitive-target-file-marker,objectives/credential-access/wallet/,0,20,,micro-behaviors/fs/search::applescript-find-command;micro-behaviors/fs/search::applescript-find-id-json-target;micro-behaviors/fs/search::applescript-find-keystore-glob;micro-behaviors/fs/search::applescript-find-keystore-target;micro-behaviors/fs/search::applescript-find-wallet-glob;micro-behaviors/fs/search::applescript-find-wallet-target;micro-behaviors/fs/search::id-json-search-options;micro-behaviors/fs/search::macho-shell-find-iname-filter;micro-behaviors/fs/search::macho-shell-find-maxdepth;micro-behaviors/fs/search::powershell-keystore-glob;micro-behaviors/fs/search::powershell-wallet-glob;micro-behaviors/fs/search::shell-find-id-json-name;micro-behaviors/fs/search::shell-find-id-json-target;micro-behaviors/fs/search::shell-find-keystore-glob;micro-behaviors/fs/search::shell-find-keystore-target;micro-behaviors/fs/search::shell-find-wallet-glob;micro-behaviors/fs/search::shell-find-wallet-target;micro-behaviors/fs/search::wallet-powershell-search;micro-behaviors/fs/search::wallet-shell-search;objectives/credential-access/wallet/desktop::crypto-wallet-file-stealer,Explicit repair: retain-wallet-search. Preserve relevant original source evidence and boolean grouping; see wallet-search-consumer-repairs.json.
objectives/credential-access/browser/chromium::chromium-extension-storage-collection,micro-behaviors/fs/directory/traverse,0,1,,micro-behaviors/fs/search::find-app-bundle,Explicit repair: retain-traversal. Preserve relevant original source evidence and boolean grouping; see wallet-search-consumer-repairs.json.
objectives/credential-access/browser/multi-target::hostile-browser-stealer,objectives/exfiltration/,1,1,objectives/exfiltration/stealer/wallet::wallet-search-telegram-send,micro-behaviors/fs/search::wallet-file-search,Keep completed-export membership. Source search helpers are not exporters. The wallet and generic-file export classifiers follow their required source and preserve the original export union.
objectives/credential-access/files/secret-sweep::recursive-credential-container-sweep,micro-behaviors/fs/directory/traverse/,0,1,,micro-behaviors/fs/search::find-app-bundle,Explicit repair: factor-traversal. Preserve relevant original source evidence and boolean grouping; see wallet-search-consumer-repairs.json.
objectives/credential-access/shell/history::powershell-history-theft,objectives/exfiltration/stealer/,2,0,objectives/exfiltration/stealer/file::file-search-telegram-send;objectives/exfiltration/stealer/wallet::wallet-search-telegram-send,,Keep completed-export membership. Source search helpers are not exporters. The wallet and generic-file export classifiers follow their required source and preserve the original export union.
objectives/credential-access/shell/history::powershell-history-theft,objectives/exfiltration/messaging/,0,2,,micro-behaviors/fs/search::wallet-file-search;objectives/exfiltration/stealer/file::file-search-telegram-send,Keep completed-export membership. Source search helpers are not exporters. The wallet and generic-file export classifiers follow their required source and preserve the original export union.
objectives/credential-access/theft/multi-app::desktop-wallet-target-family,objectives/credential-access/wallet/desktop/,0,20,,micro-behaviors/fs/search::applescript-find-command;micro-behaviors/fs/search::applescript-find-id-json-target;micro-behaviors/fs/search::applescript-find-keystore-glob;micro-behaviors/fs/search::applescript-find-keystore-target;micro-behaviors/fs/search::applescript-find-wallet-glob;micro-behaviors/fs/search::applescript-find-wallet-target;micro-behaviors/fs/search::id-json-search-options;micro-behaviors/fs/search::macho-shell-find-iname-filter;micro-behaviors/fs/search::macho-shell-find-maxdepth;micro-behaviors/fs/search::powershell-keystore-glob;micro-behaviors/fs/search::powershell-wallet-glob;micro-behaviors/fs/search::shell-find-id-json-name;micro-behaviors/fs/search::shell-find-id-json-target;micro-behaviors/fs/search::shell-find-keystore-glob;micro-behaviors/fs/search::shell-find-keystore-target;micro-behaviors/fs/search::shell-find-wallet-glob;micro-behaviors/fs/search::shell-find-wallet-target;micro-behaviors/fs/search::wallet-powershell-search;micro-behaviors/fs/search::wallet-shell-search;objectives/credential-access/wallet/desktop::crypto-wallet-file-stealer,Explicit repair: retain-wallet-search. Preserve relevant original source evidence and boolean grouping; see wallet-search-consumer-repairs.json.
objectives/credential-access/theft/multi-app::browser-wallet-stealer,objectives/credential-access/wallet/desktop/,0,20,,micro-behaviors/fs/search::applescript-find-command;micro-behaviors/fs/search::applescript-find-id-json-target;micro-behaviors/fs/search::applescript-find-keystore-glob;micro-behaviors/fs/search::applescript-find-keystore-target;micro-behaviors/fs/search::applescript-find-wallet-glob;micro-behaviors/fs/search::applescript-find-wallet-target;micro-behaviors/fs/search::id-json-search-options;micro-behaviors/fs/search::macho-shell-find-iname-filter;micro-behaviors/fs/search::macho-shell-find-maxdepth;micro-behaviors/fs/search::powershell-keystore-glob;micro-behaviors/fs/search::powershell-wallet-glob;micro-behaviors/fs/search::shell-find-id-json-name;micro-behaviors/fs/search::shell-find-id-json-target;micro-behaviors/fs/search::shell-find-keystore-glob;micro-behaviors/fs/search::shell-find-keystore-target;micro-behaviors/fs/search::shell-find-wallet-glob;micro-behaviors/fs/search::shell-find-wallet-target;micro-behaviors/fs/search::wallet-powershell-search;micro-behaviors/fs/search::wallet-shell-search;objectives/credential-access/wallet/desktop::crypto-wallet-file-stealer,Explicit repair: retain-wallet-search. Preserve relevant original source evidence and boolean grouping; see wallet-search-consumer-repairs.json.
objectives/credential-access/theft/multi-app::cis-geofenced-credential-stealer,objectives/credential-access/wallet/desktop/,0,20,,micro-behaviors/fs/search::applescript-find-command;micro-behaviors/fs/search::applescript-find-id-json-target;micro-behaviors/fs/search::applescript-find-keystore-glob;micro-behaviors/fs/search::applescript-find-keystore-target;micro-behaviors/fs/search::applescript-find-wallet-glob;micro-behaviors/fs/search::applescript-find-wallet-target;micro-behaviors/fs/search::id-json-search-options;micro-behaviors/fs/search::macho-shell-find-iname-filter;micro-behaviors/fs/search::macho-shell-find-maxdepth;micro-behaviors/fs/search::powershell-keystore-glob;micro-behaviors/fs/search::powershell-wallet-glob;micro-behaviors/fs/search::shell-find-id-json-name;micro-behaviors/fs/search::shell-find-id-json-target;micro-behaviors/fs/search::shell-find-keystore-glob;micro-behaviors/fs/search::shell-find-keystore-target;micro-behaviors/fs/search::shell-find-wallet-glob;micro-behaviors/fs/search::shell-find-wallet-target;micro-behaviors/fs/search::wallet-powershell-search;micro-behaviors/fs/search::wallet-shell-search;objectives/credential-access/wallet/desktop::crypto-wallet-file-stealer,Explicit repair: retain-wallet-search. Preserve relevant original source evidence and boolean grouping; see wallet-search-consumer-repairs.json.
objectives/credential-access/theft/multi-app::native-browser-key-and-wallet-routines,micro-behaviors/fs/directory/traverse/,0,1,,micro-behaviors/fs/search::find-app-bundle,Explicit repair: retain-traversal. Preserve relevant original source evidence and boolean grouping; see wallet-search-consumer-repairs.json.
objectives/credential-access/theft/multi-store::stealer-data-source-marker,objectives/exfiltration/stealer/wallet/,1,0,objectives/exfiltration/stealer/wallet::wallet-search-telegram-send,,Explicit repair: retain-wallet-search. Preserve relevant original source evidence and boolean grouping; see wallet-search-consumer-repairs.json.
objectives/credential-access/theft/multi-store::stealer-data-source-marker,objectives/credential-access/wallet/,0,20,,micro-behaviors/fs/search::applescript-find-command;micro-behaviors/fs/search::applescript-find-id-json-target;micro-behaviors/fs/search::applescript-find-keystore-glob;micro-behaviors/fs/search::applescript-find-keystore-target;micro-behaviors/fs/search::applescript-find-wallet-glob;micro-behaviors/fs/search::applescript-find-wallet-target;micro-behaviors/fs/search::id-json-search-options;micro-behaviors/fs/search::macho-shell-find-iname-filter;micro-behaviors/fs/search::macho-shell-find-maxdepth;micro-behaviors/fs/search::powershell-keystore-glob;micro-behaviors/fs/search::powershell-wallet-glob;micro-behaviors/fs/search::shell-find-id-json-name;micro-behaviors/fs/search::shell-find-id-json-target;micro-behaviors/fs/search::shell-find-keystore-glob;micro-behaviors/fs/search::shell-find-keystore-target;micro-behaviors/fs/search::shell-find-wallet-glob;micro-behaviors/fs/search::shell-find-wallet-target;micro-behaviors/fs/search::wallet-powershell-search;micro-behaviors/fs/search::wallet-shell-search;objectives/credential-access/wallet/desktop::crypto-wallet-file-stealer,Explicit repair: retain-wallet-search. Preserve relevant original source evidence and boolean grouping; see wallet-search-consumer-repairs.json.
objectives/credential-access/theft/token-format::credential-token-format-sweep,micro-behaviors/fs/directory/traverse/,0,1,,micro-behaviors/fs/search::find-app-bundle,Explicit repair: retain-traversal. Preserve relevant original source evidence and boolean grouping; see wallet-search-consumer-repairs.json.
objectives/credential-access/wallet/crypto::system-info-with-wallet,objectives/credential-access/wallet/desktop/,0,20,,micro-behaviors/fs/search::applescript-find-command;micro-behaviors/fs/search::applescript-find-id-json-target;micro-behaviors/fs/search::applescript-find-keystore-glob;micro-behaviors/fs/search::applescript-find-keystore-target;micro-behaviors/fs/search::applescript-find-wallet-glob;micro-behaviors/fs/search::applescript-find-wallet-target;micro-behaviors/fs/search::id-json-search-options;micro-behaviors/fs/search::macho-shell-find-iname-filter;micro-behaviors/fs/search::macho-shell-find-maxdepth;micro-behaviors/fs/search::powershell-keystore-glob;micro-behaviors/fs/search::powershell-wallet-glob;micro-behaviors/fs/search::shell-find-id-json-name;micro-behaviors/fs/search::shell-find-id-json-target;micro-behaviors/fs/search::shell-find-keystore-glob;micro-behaviors/fs/search::shell-find-keystore-target;micro-behaviors/fs/search::shell-find-wallet-glob;micro-behaviors/fs/search::shell-find-wallet-target;micro-behaviors/fs/search::wallet-powershell-search;micro-behaviors/fs/search::wallet-shell-search;objectives/credential-access/wallet/desktop::crypto-wallet-file-stealer,Explicit repair: retain-wallet-search. Preserve relevant original source evidence and boolean grouping; see wallet-search-consumer-repairs.json.
objectives/exfiltration/http/collect::python-profiled-http-collector,objectives/credential-access/wallet/,0,20,,micro-behaviors/fs/search::applescript-find-command;micro-behaviors/fs/search::applescript-find-id-json-target;micro-behaviors/fs/search::applescript-find-keystore-glob;micro-behaviors/fs/search::applescript-find-keystore-target;micro-behaviors/fs/search::applescript-find-wallet-glob;micro-behaviors/fs/search::applescript-find-wallet-target;micro-behaviors/fs/search::id-json-search-options;micro-behaviors/fs/search::macho-shell-find-iname-filter;micro-behaviors/fs/search::macho-shell-find-maxdepth;micro-behaviors/fs/search::powershell-keystore-glob;micro-behaviors/fs/search::powershell-wallet-glob;micro-behaviors/fs/search::shell-find-id-json-name;micro-behaviors/fs/search::shell-find-id-json-target;micro-behaviors/fs/search::shell-find-keystore-glob;micro-behaviors/fs/search::shell-find-keystore-target;micro-behaviors/fs/search::shell-find-wallet-glob;micro-behaviors/fs/search::shell-find-wallet-target;micro-behaviors/fs/search::wallet-powershell-search;micro-behaviors/fs/search::wallet-shell-search;objectives/credential-access/wallet/desktop::crypto-wallet-file-stealer,Explicit repair: retain-wallet-search. Preserve relevant original source evidence and boolean grouping; see wallet-search-consumer-repairs.json.
objectives/exfiltration/http/collect::python-profiled-http-collector,objectives/exfiltration/stealer/wallet/,1,0,objectives/exfiltration/stealer/wallet::wallet-search-telegram-send,,Explicit repair: retain-wallet-search. Preserve relevant original source evidence and boolean grouping; see wallet-search-consumer-repairs.json.
objectives/exfiltration/http/collect::python-profiled-http-collector,objectives/exfiltration/stealer/file/,1,0,objectives/exfiltration/stealer/file::file-search-telegram-send,,Explicit repair: retain-wallet-search. Preserve relevant original source evidence and boolean grouping; see wallet-search-consumer-repairs.json.
objectives/exfiltration/messaging/webhook::feishu-sensitive-record-content,objectives/credential-access/,0,20,,micro-behaviors/fs/search::applescript-find-command;micro-behaviors/fs/search::applescript-find-id-json-target;micro-behaviors/fs/search::applescript-find-keystore-glob;micro-behaviors/fs/search::applescript-find-keystore-target;micro-behaviors/fs/search::applescript-find-wallet-glob;micro-behaviors/fs/search::applescript-find-wallet-target;micro-behaviors/fs/search::id-json-search-options;micro-behaviors/fs/search::macho-shell-find-iname-filter;micro-behaviors/fs/search::macho-shell-find-maxdepth;micro-behaviors/fs/search::powershell-keystore-glob;micro-behaviors/fs/search::powershell-wallet-glob;micro-behaviors/fs/search::shell-find-id-json-name;micro-behaviors/fs/search::shell-find-id-json-target;micro-behaviors/fs/search::shell-find-keystore-glob;micro-behaviors/fs/search::shell-find-keystore-target;micro-behaviors/fs/search::shell-find-wallet-glob;micro-behaviors/fs/search::shell-find-wallet-target;micro-behaviors/fs/search::wallet-powershell-search;micro-behaviors/fs/search::wallet-shell-search;objectives/credential-access/wallet/desktop::crypto-wallet-file-stealer,Explicit repair: retain-wallet-search. Preserve relevant original source evidence and boolean grouping; see wallet-search-consumer-repairs.json.
objectives/exfiltration/messaging/webhook::slack-exfiltration,objectives/credential-access/,0,20,,micro-behaviors/fs/search::applescript-find-command;micro-behaviors/fs/search::applescript-find-id-json-target;micro-behaviors/fs/search::applescript-find-keystore-glob;micro-behaviors/fs/search::applescript-find-keystore-target;micro-behaviors/fs/search::applescript-find-wallet-glob;micro-behaviors/fs/search::applescript-find-wallet-target;micro-behaviors/fs/search::id-json-search-options;micro-behaviors/fs/search::macho-shell-find-iname-filter;micro-behaviors/fs/search::macho-shell-find-maxdepth;micro-behaviors/fs/search::powershell-keystore-glob;micro-behaviors/fs/search::powershell-wallet-glob;micro-behaviors/fs/search::shell-find-id-json-name;micro-behaviors/fs/search::shell-find-id-json-target;micro-behaviors/fs/search::shell-find-keystore-glob;micro-behaviors/fs/search::shell-find-keystore-target;micro-behaviors/fs/search::shell-find-wallet-glob;micro-behaviors/fs/search::shell-find-wallet-target;micro-behaviors/fs/search::wallet-powershell-search;micro-behaviors/fs/search::wallet-shell-search;objectives/credential-access/wallet/desktop::crypto-wallet-file-stealer,Explicit repair: retain-wallet-search. Preserve relevant original source evidence and boolean grouping; see wallet-search-consumer-repairs.json.
objectives/exfiltration/messaging/webhook::discord-exfiltration,objectives/exfiltration/stealer,2,0,objectives/exfiltration/stealer/file::file-search-telegram-send;objectives/exfiltration/stealer/wallet::wallet-search-telegram-send,,Explicit repair: retain-wallet-search. Preserve relevant original source evidence and boolean grouping; see wallet-search-consumer-repairs.json.
objectives/exfiltration/messaging/webhook::discord-exfiltration,objectives/credential-access,0,20,,micro-behaviors/fs/search::applescript-find-command;micro-behaviors/fs/search::applescript-find-id-json-target;micro-behaviors/fs/search::applescript-find-keystore-glob;micro-behaviors/fs/search::applescript-find-keystore-target;micro-behaviors/fs/search::applescript-find-wallet-glob;micro-behaviors/fs/search::applescript-find-wallet-target;micro-behaviors/fs/search::id-json-search-options;micro-behaviors/fs/search::macho-shell-find-iname-filter;micro-behaviors/fs/search::macho-shell-find-maxdepth;micro-behaviors/fs/search::powershell-keystore-glob;micro-behaviors/fs/search::powershell-wallet-glob;micro-behaviors/fs/search::shell-find-id-json-name;micro-behaviors/fs/search::shell-find-id-json-target;micro-behaviors/fs/search::shell-find-keystore-glob;micro-behaviors/fs/search::shell-find-keystore-target;micro-behaviors/fs/search::shell-find-wallet-glob;micro-behaviors/fs/search::shell-find-wallet-target;micro-behaviors/fs/search::wallet-powershell-search;micro-behaviors/fs/search::wallet-shell-search;objectives/credential-access/wallet/desktop::crypto-wallet-file-stealer,Explicit repair: retain-wallet-search. Preserve relevant original source evidence and boolean grouping; see wallet-search-consumer-repairs.json.
objectives/impact/ransom/encrypt/ai-assets::ai-asset-locker,micro-behaviors/fs/directory/traverse/,0,1,,micro-behaviors/fs/search::find-app-bundle,Explicit repair: factor-traversal. Preserve relevant original source evidence and boolean grouping; see wallet-search-consumer-repairs.json.
objectives/supply-chain/recon-exfil/pipeline::runner-recon-webhook-exfil,objectives/exfiltration/messaging/,0,2,,micro-behaviors/fs/search::wallet-file-search;objectives/exfiltration/stealer/file::file-search-telegram-send,Explicit repair: retain-export. Preserve relevant original source evidence and boolean grouping; see wallet-search-consumer-repairs.json.
objectives/supply-chain/recon-exfil/pipeline::cicd-recon-any-exfil,objectives/exfiltration/messaging/,0,2,,micro-behaviors/fs/search::wallet-file-search;objectives/exfiltration/stealer/file::file-search-telegram-send,Explicit repair: retain-export. Preserve relevant original source evidence and boolean grouping; see wallet-search-consumer-repairs.json.
objectives/supply-chain/recon-exfil/pipeline::npm-token-theft,objectives/exfiltration/messaging/,0,2,,micro-behaviors/fs/search::wallet-file-search;objectives/exfiltration/stealer/file::file-search-telegram-send,Explicit repair: retain-export. Preserve relevant original source evidence and boolean grouping; see wallet-search-consumer-repairs.json.
objectives/supply-chain/trojanized/app/config-injection::mcp-config-injection,objectives/credential-access,0,20,,micro-behaviors/fs/search::applescript-find-command;micro-behaviors/fs/search::applescript-find-id-json-target;micro-behaviors/fs/search::applescript-find-keystore-glob;micro-behaviors/fs/search::applescript-find-keystore-target;micro-behaviors/fs/search::applescript-find-wallet-glob;micro-behaviors/fs/search::applescript-find-wallet-target;micro-behaviors/fs/search::id-json-search-options;micro-behaviors/fs/search::macho-shell-find-iname-filter;micro-behaviors/fs/search::macho-shell-find-maxdepth;micro-behaviors/fs/search::powershell-keystore-glob;micro-behaviors/fs/search::powershell-wallet-glob;micro-behaviors/fs/search::shell-find-id-json-name;micro-behaviors/fs/search::shell-find-id-json-target;micro-behaviors/fs/search::shell-find-keystore-glob;micro-behaviors/fs/search::shell-find-keystore-target;micro-behaviors/fs/search::shell-find-wallet-glob;micro-behaviors/fs/search::shell-find-wallet-target;micro-behaviors/fs/search::wallet-powershell-search;micro-behaviors/fs/search::wallet-shell-search;objectives/credential-access/wallet/desktop::crypto-wallet-file-stealer,Keep acquisition-objective membership. Generic search options alone cease to provide wallet acquisition. The removed hostile JSON wrapper added no acquisition evidence; its underlying suspicious target filter remains.
objectives/supply-chain/trojanized/app/config-injection::mcp-config-injection,objectives/exfiltration,1,1,objectives/exfiltration/stealer/wallet::wallet-search-telegram-send,micro-behaviors/fs/search::wallet-file-search,Keep completed-export membership. Source search helpers are not exporters. The wallet and generic-file export classifiers follow their required source and preserve the original export union.
objectives/supply-chain/trojanized/app/config-injection::windsurf-mcp-injection,objectives/credential-access,0,20,,micro-behaviors/fs/search::applescript-find-command;micro-behaviors/fs/search::applescript-find-id-json-target;micro-behaviors/fs/search::applescript-find-keystore-glob;micro-behaviors/fs/search::applescript-find-keystore-target;micro-behaviors/fs/search::applescript-find-wallet-glob;micro-behaviors/fs/search::applescript-find-wallet-target;micro-behaviors/fs/search::id-json-search-options;micro-behaviors/fs/search::macho-shell-find-iname-filter;micro-behaviors/fs/search::macho-shell-find-maxdepth;micro-behaviors/fs/search::powershell-keystore-glob;micro-behaviors/fs/search::powershell-wallet-glob;micro-behaviors/fs/search::shell-find-id-json-name;micro-behaviors/fs/search::shell-find-id-json-target;micro-behaviors/fs/search::shell-find-keystore-glob;micro-behaviors/fs/search::shell-find-keystore-target;micro-behaviors/fs/search::shell-find-wallet-glob;micro-behaviors/fs/search::shell-find-wallet-target;micro-behaviors/fs/search::wallet-powershell-search;micro-behaviors/fs/search::wallet-shell-search;objectives/credential-access/wallet/desktop::crypto-wallet-file-stealer,Keep acquisition-objective membership. Generic search options alone cease to provide wallet acquisition. The removed hostile JSON wrapper added no acquisition evidence; its underlying suspicious target filter remains.
objectives/supply-chain/trojanized/app/config-injection::windsurf-mcp-injection,objectives/exfiltration,1,1,objectives/exfiltration/stealer/wallet::wallet-search-telegram-send,micro-behaviors/fs/search::wallet-file-search,Keep completed-export membership. Source search helpers are not exporters. The wallet and generic-file export classifiers follow their required source and preserve the original export union.
objectives/supply-chain/trojanized/app/package::malicious-package-manifest,objectives/exfiltration,1,1,objectives/exfiltration/stealer/wallet::wallet-search-telegram-send,micro-behaviors/fs/search::wallet-file-search,Keep completed-export membership. Source search helpers are not exporters. The wallet and generic-file export classifiers follow their required source and preserve the original export union.
objectives/supply-chain/trojanized/app/package::suspicious-stealer-discovery,objectives/exfiltration/stealer,2,0,objectives/exfiltration/stealer/file::file-search-telegram-send;objectives/exfiltration/stealer/wallet::wallet-search-telegram-send,,Keep completed-export membership. Source search helpers are not exporters. The wallet and generic-file export classifiers follow their required source and preserve the original export union.
well-known/malware/rat/powershell-empire::empire-powershell-operational-behavior,micro-behaviors/fs/,21,1,micro-behaviors/fs/search::applescript-find-command;micro-behaviors/fs/search::applescript-find-id-json-target;micro-behaviors/fs/search::applescript-find-keystore-glob;micro-behaviors/fs/search::applescript-find-keystore-target;micro-behaviors/fs/search::applescript-find-wallet-glob;micro-behaviors/fs/search::applescript-find-wallet-target;micro-behaviors/fs/search::id-json-search-options;micro-behaviors/fs/search::macho-shell-find-iname-filter;micro-behaviors/fs/search::macho-shell-find-maxdepth;micro-behaviors/fs/search::powershell-keystore-glob;micro-behaviors/fs/search::powershell-wallet-glob;micro-behaviors/fs/search::recursive-file-discovery;micro-behaviors/fs/search::shell-find-id-json-name;micro-behaviors/fs/search::shell-find-id-json-target;micro-behaviors/fs/search::shell-find-keystore-glob;micro-behaviors/fs/search::shell-find-keystore-target;micro-behaviors/fs/search::shell-find-wallet-glob;micro-behaviors/fs/search::shell-find-wallet-target;micro-behaviors/fs/search::wallet-file-search;micro-behaviors/fs/search::wallet-powershell-search;micro-behaviors/fs/search::wallet-shell-search,micro-behaviors/data/config/load::parse-env-file-method,Keep capability membership. Filename search joins filesystem search; dotenv parsing leaves filesystem discovery for configuration loading.
well-known/malware/rat/powershell-empire::empire-credstore-dump-module,micro-behaviors/fs/,21,1,micro-behaviors/fs/search::applescript-find-command;micro-behaviors/fs/search::applescript-find-id-json-target;micro-behaviors/fs/search::applescript-find-keystore-glob;micro-behaviors/fs/search::applescript-find-keystore-target;micro-behaviors/fs/search::applescript-find-wallet-glob;micro-behaviors/fs/search::applescript-find-wallet-target;micro-behaviors/fs/search::id-json-search-options;micro-behaviors/fs/search::macho-shell-find-iname-filter;micro-behaviors/fs/search::macho-shell-find-maxdepth;micro-behaviors/fs/search::powershell-keystore-glob;micro-behaviors/fs/search::powershell-wallet-glob;micro-behaviors/fs/search::recursive-file-discovery;micro-behaviors/fs/search::shell-find-id-json-name;micro-behaviors/fs/search::shell-find-id-json-target;micro-behaviors/fs/search::shell-find-keystore-glob;micro-behaviors/fs/search::shell-find-keystore-target;micro-behaviors/fs/search::shell-find-wallet-glob;micro-behaviors/fs/search::shell-find-wallet-target;micro-behaviors/fs/search::wallet-file-search;micro-behaviors/fs/search::wallet-powershell-search;micro-behaviors/fs/search::wallet-shell-search,micro-behaviors/data/config/load::parse-env-file-method,Keep capability membership. Filename search joins filesystem search; dotenv parsing leaves filesystem discovery for configuration loading.
well-known/malware/rat/powershell-empire::empire-powerup-service-abuse,micro-behaviors/fs/,21,1,micro-behaviors/fs/search::applescript-find-command;micro-behaviors/fs/search::applescript-find-id-json-target;micro-behaviors/fs/search::applescript-find-keystore-glob;micro-behaviors/fs/search::applescript-find-keystore-target;micro-behaviors/fs/search::applescript-find-wallet-glob;micro-behaviors/fs/search::applescript-find-wallet-target;micro-behaviors/fs/search::id-json-search-options;micro-behaviors/fs/search::macho-shell-find-iname-filter;micro-behaviors/fs/search::macho-shell-find-maxdepth;micro-behaviors/fs/search::powershell-keystore-glob;micro-behaviors/fs/search::powershell-wallet-glob;micro-behaviors/fs/search::recursive-file-discovery;micro-behaviors/fs/search::shell-find-id-json-name;micro-behaviors/fs/search::shell-find-id-json-target;micro-behaviors/fs/search::shell-find-keystore-glob;micro-behaviors/fs/search::shell-find-keystore-target;micro-behaviors/fs/search::shell-find-wallet-glob;micro-behaviors/fs/search::shell-find-wallet-target;micro-behaviors/fs/search::wallet-file-search;micro-behaviors/fs/search::wallet-powershell-search;micro-behaviors/fs/search::wallet-shell-search,micro-behaviors/data/config/load::parse-env-file-method,Keep capability membership. Filename search joins filesystem search; dotenv parsing leaves filesystem discovery for configuration loading.
well-known/malware/rat/powershell-empire::empire-psransom-file-operations,micro-behaviors/fs/,21,1,micro-behaviors/fs/search::applescript-find-command;micro-behaviors/fs/search::applescript-find-id-json-target;micro-behaviors/fs/search::applescript-find-keystore-glob;micro-behaviors/fs/search::applescript-find-keystore-target;micro-behaviors/fs/search::applescript-find-wallet-glob;micro-behaviors/fs/search::applescript-find-wallet-target;micro-behaviors/fs/search::id-json-search-options;micro-behaviors/fs/search::macho-shell-find-iname-filter;micro-behaviors/fs/search::macho-shell-find-maxdepth;micro-behaviors/fs/search::powershell-keystore-glob;micro-behaviors/fs/search::powershell-wallet-glob;micro-behaviors/fs/search::recursive-file-discovery;micro-behaviors/fs/search::shell-find-id-json-name;micro-behaviors/fs/search::shell-find-id-json-target;micro-behaviors/fs/search::shell-find-keystore-glob;micro-behaviors/fs/search::shell-find-keystore-target;micro-behaviors/fs/search::shell-find-wallet-glob;micro-behaviors/fs/search::shell-find-wallet-target;micro-behaviors/fs/search::wallet-file-search;micro-behaviors/fs/search::wallet-powershell-search;micro-behaviors/fs/search::wallet-shell-search,micro-behaviors/data/config/load::parse-env-file-method,Keep capability membership. Filename search joins filesystem search; dotenv parsing leaves filesystem discovery for configuration loading.
