wallet_shell,wallet_powershell,id_json_options,telegram_send,go_telegram_send,old_export,wallet_export,file_export,new_union
False,False,False,False,False,False,False,False,False
False,False,False,False,True,False,False,False,False
False,False,False,True,False,False,False,False,False
False,False,False,True,True,False,False,False,False
False,False,True,False,False,False,False,False,False
False,False,True,False,True,True,False,True,True
False,False,True,True,False,True,False,True,True
False,False,True,True,True,True,False,True,True
False,True,False,False,False,False,False,False,False
False,True,False,False,True,True,True,False,True
False,True,False,True,False,True,True,False,True
False,True,False,True,True,True,True,False,True
False,True,True,False,False,False,False,False,False
False,True,True,False,True,True,True,True,True
False,True,True,True,False,True,True,True,True
False,True,True,True,True,True,True,True,True
True,False,False,False,False,False,False,False,False
True,False,False,False,True,True,True,False,True
True,False,False,True,False,True,True,False,True
True,False,False,True,True,True,True,False,True
True,False,True,False,False,False,False,False,False
True,False,True,False,True,True,True,True,True
True,False,True,True,False,True,True,True,True
True,False,True,True,True,True,True,True,True
True,True,False,False,False,False,False,False,False
True,True,False,False,True,True,True,False,True
True,True,False,True,False,True,True,False,True
True,True,False,True,True,True,True,False,True
True,True,True,False,False,False,False,False,False
True,True,True,False,True,True,True,True,True
True,True,True,True,False,True,True,True,True
True,True,True,True,True,True,True,True,True
