old_id	new_id
objectives/exfiltration/stealer/file::node-file-content-record	micro-behaviors/fs/read/file/target::node-file-content-record
objectives/supply-chain/hidden-payload/worm::npm-maintainer-search-api	micro-behaviors/communications/http/services/registry::npm-maintainer-search-api
objectives/command-and-control/backdoor/shell/pty::websocket-pty-output-handler	micro-behaviors/process/tty/pty::node-terminal-output-callback
micro-behaviors/fs/write/stream::adodb-open-unicode	micro-behaviors/data/control-flow/dispatch::encoded-bracket-open-call
well-known/malware/stealer/ottercookie::dev-secret-target-cluster	micro-behaviors/fs/path/credential::solana-or-cargo-secret-path-reference
objectives/credential-access/theft/multi-store::browser-ftp-credential-targeting	micro-behaviors/fs/path/credential::browser-ftp-credential-paths
objectives/credential-access/theft/multi-store::multi-store-credential-targeting	micro-behaviors/fs/path/credential::browser-developer-ssh-store-paths
objectives/credential-access/theft/multi-store::browser-store-target	micro-behaviors/fs/path/credential::browser-store-reference
micro-behaviors/data/encode/hex_xor::fragmented-hex-xor-decoder	micro-behaviors/data/arithmetic::repeated-hex-left-xor-expressions
micro-behaviors/data/control-flow/dispatch::date-temp-write-delete	micro-behaviors/fs/write/file/full::temp-write-date-timeout-context
micro-behaviors/data/control-flow/dispatch::timeout-bracket-delete	micro-behaviors/time/schedule/interval::setTimeout
objectives/persistence/login/agent-hook::concealed-cross-editor-agent-persistence	objectives/persistence/system/editor-extension::obfuscated-repository-agent-config-writes
objectives/supply-chain/install-hook/dropper/hook-setup::npm-preinstall-obfuscator-payload	objectives/anti-static/obfuscation/obfuscator-supply-chain::npm-preinstall-obfuscated-code
objectives/credential-access/api-harvest/token::github-pat-regex-harvest	micro-behaviors/data/format/credentials::github-pat-regex-format
objectives/credential-access/api-harvest/token::github-oauth-token-prefix-check	micro-behaviors/data/format/credentials::github-oauth-token-prefix-reference
objectives/credential-access/api-harvest/token::github-oauth-token-regex-pattern	micro-behaviors/data/format/credentials::github-oauth-token-regex-pattern
objectives/credential-access/api-harvest/token::npm-token-regex-harvest	micro-behaviors/data/format/credentials::npm-token-regex-format
objectives/credential-access/api-harvest/token::github-token-pattern	micro-behaviors/data/format/credentials::github-token-pattern-reference
objectives/credential-access/api-harvest/token::github-token-pattern-harvest	micro-behaviors/fs/read/file/target::github-token-pattern-file-operations
objectives/credential-access/api-harvest/token::git-and-registry-token-harvest	micro-behaviors/fs/read/file/target::github-npm-pattern-file-operations
objectives/credential-access/api-harvest/token::node-github-npm-token-file-harvest	micro-behaviors/fs/read/file/target::github-npm-pattern-content-records
objectives/credential-access/vpn/config::nordvpn-path	micro-behaviors/fs/path/app-data::nordvpn-path
objectives/credential-access/vpn/config::nordvpn-config	micro-behaviors/fs/path/app-data::nordvpn-config
objectives/credential-access/vpn/config::protonvpn-path	micro-behaviors/fs/path/app-data::protonvpn-path
objectives/credential-access/vpn/config::protonvpn-config	micro-behaviors/fs/path/app-data::protonvpn-config
objectives/credential-access/vpn/config::openvpn-path	micro-behaviors/fs/path/app-data::openvpn-path
objectives/credential-access/vpn/config::openvpn-config-dir	micro-behaviors/fs/path/app-data::openvpn-config-dir
objectives/credential-access/vpn/config::globalprotect-config-path	micro-behaviors/fs/path/app-data::globalprotect-config-path
objectives/credential-access/vpn/config::multi-vpn-targeting	micro-behaviors/fs/path/app-data::multiple-vpn-client-paths
objectives/credential-access/api-harvest/token::js-shell-token-harvester	objectives/credential-access/api-harvest/token::js-token-scan-process-capability
objectives/credential-access/cloud/secret-inventory::detached-cloud-ci-credential-collector	objectives/credential-access/cloud/secret-inventory::detached-cloud-credential-collector
objectives/credential-access/browser/chromium::js-browser-login-data-stealer	objectives/credential-access/browser/chromium::js-browser-login-store-walk
objectives/anti-static/obfuscation/obfuscator-supply-chain::obfuscated-bundle-stealer-toolkit	objectives/anti-static/obfuscation/obfuscator-supply-chain::obfuscated-host-profile-base64
micro-behaviors/communications/http/request/credentials::credential-env-read-transmitted	micro-behaviors/communications/http/request/credentials::credential-env-read-http-at-load
micro-behaviors/fs/path/password-store::node-browser-login-targets	micro-behaviors/fs/path/password-store::chromium-firefox-login-file-references
